Unity Editor version:    2022.3.24f1 (334eb2a0b267)
Branch:                  2022.3/staging
Build type:              Release
Batch mode:              YES
macOS version:           Version 15.3.2 (Build 24D81)
Darwin version:          24.3.0
Architecture:            arm64
Running under Rosetta:   NO
Available memory:        8192 MB
Using pre-set license
Pro License: YES

COMMAND LINE ARGUMENTS:
/Applications/Unity/Hub/Editor/2022.3.24f1/Unity.app/Contents/MacOS/Unity
-adb2
-batchMode
-noUpm
-name
AssetImportWorker0
-projectPath
/Users/ooyatatsuya/Desktop/Unity/共同作成ゲーム/My project
-logFile
Logs/AssetImportWorker0.log
-srvPort
61449
Successfully changed project path to: /Users/ooyatatsuya/Desktop/Unity/共同作成ゲーム/My project
/Users/ooyatatsuya/Desktop/Unity/共同作成ゲーム/My project
[UnityMemory] Configuration Parameters - Can be set up in boot.config
    "memorysetup-bucket-allocator-granularity=16"
    "memorysetup-bucket-allocator-bucket-count=8"
    "memorysetup-bucket-allocator-block-size=33554432"
    "memorysetup-bucket-allocator-block-count=8"
    "memorysetup-main-allocator-block-size=16777216"
    "memorysetup-thread-allocator-block-size=16777216"
    "memorysetup-gfx-main-allocator-block-size=16777216"
    "memorysetup-gfx-thread-allocator-block-size=16777216"
    "memorysetup-cache-allocator-block-size=4194304"
    "memorysetup-typetree-allocator-block-size=2097152"
    "memorysetup-profiler-bucket-allocator-granularity=16"
    "memorysetup-profiler-bucket-allocator-bucket-count=8"
    "memorysetup-profiler-bucket-allocator-block-size=33554432"
    "memorysetup-profiler-bucket-allocator-block-count=8"
    "memorysetup-profiler-allocator-block-size=16777216"
    "memorysetup-profiler-editor-allocator-block-size=1048576"
    "memorysetup-temp-allocator-size-main=16777216"
    "memorysetup-job-temp-allocator-block-size=2097152"
    "memorysetup-job-temp-allocator-block-size-background=1048576"
    "memorysetup-job-temp-allocator-reduction-small-platforms=262144"
    "memorysetup-allocator-temp-initial-block-size-main=262144"
    "memorysetup-allocator-temp-initial-block-size-worker=262144"
    "memorysetup-temp-allocator-size-background-worker=32768"
    "memorysetup-temp-allocator-size-job-worker=262144"
    "memorysetup-temp-allocator-size-preload-manager=33554432"
    "memorysetup-temp-allocator-size-nav-mesh-worker=65536"
    "memorysetup-temp-allocator-size-audio-worker=65536"
    "memorysetup-temp-allocator-size-cloud-worker=32768"
    "memorysetup-temp-allocator-size-gi-baking-worker=262144"
    "memorysetup-temp-allocator-size-gfx=262144"
Player connection [8418478144] Host "[IP] 192.168.11.10 [Port] 0 [Flags] 2 [Guid] 2501765814 [EditorId] 2501765814 [Version] 1048832 [Id] OSXEditor(0,ooyatatsuyanoMacBook-Air.local) [Debug] 1 [PackageName] OSXEditor [ProjectName] Editor" joined multi-casting on [225.0.0.222:54997]...

Player connection [8418478144] Host "[IP] 192.168.11.10 [Port] 0 [Flags] 2 [Guid] 2501765814 [EditorId] 2501765814 [Version] 1048832 [Id] OSXEditor(0,ooyatatsuyanoMacBook-Air.local) [Debug] 1 [PackageName] OSXEditor [ProjectName] Editor" joined alternative multi-casting on [225.0.0.222:34997]...

[Physics::Module] Initialized MultithreadedJobDispatcher with 7 workers.
Refreshing native plugins compatible for Editor in 14.18 ms, found 3 plugins.
Preloading 0 native plugins for Editor in 0.00 ms.
Initialize engine version: 2022.3.24f1 (334eb2a0b267)
[Subsystems] Discovering subsystems at path /Applications/Unity/Hub/Editor/2022.3.24f1/Unity.app/Contents/Resources/UnitySubsystems
[Subsystems] Discovering subsystems at path /Users/ooyatatsuya/Desktop/Unity/共同作成ゲーム/My project/Assets
GfxDevice: creating device client; threaded=0; jobified=0
 preferred device: Apple M1 (high power)
Metal devices available: 1
0: Apple M1 (high power)
Using device Apple M1 (high power)
Initializing Metal device caps: Apple M1
Initialize mono
Mono path[0] = '/Applications/Unity/Hub/Editor/2022.3.24f1/Unity.app/Contents/Managed'
Mono path[1] = '/Applications/Unity/Hub/Editor/2022.3.24f1/Unity.app/Contents/MonoBleedingEdge/lib/mono/unityjit-macos'
Mono config path = '/Applications/Unity/Hub/Editor/2022.3.24f1/Unity.app/Contents/MonoBleedingEdge/etc'
Using monoOptions --debugger-agent=transport=dt_socket,embedding=1,server=y,suspend=n,address=127.0.0.1:56345
Begin MonoManager ReloadAssembly
Registering precompiled unity dll's ...
Register platform support module: /Applications/Unity/Hub/Editor/2022.3.24f1/PlaybackEngines/WebGLSupport/UnityEditor.WebGL.Extensions.dll
Register platform support module: /Applications/Unity/Hub/Editor/2022.3.24f1/Unity.app/Contents/PlaybackEngines/MacStandaloneSupport/UnityEditor.OSXStandalone.Extensions.dll
Registered in 0.002660 seconds.
- Loaded All Assemblies, in  0.288 seconds
Native extension for OSXStandalone target not found
Native extension for WebGL target not found
Mono: successfully reloaded assembly
- Finished resetting the current domain, in  0.181 seconds
Domain Reload Profiling: 468ms
	BeginReloadAssembly (97ms)
		ExecutionOrderSort (0ms)
		DisableScriptedObjects (0ms)
		BackupInstance (0ms)
		ReleaseScriptingObjects (0ms)
		CreateAndSetChildDomain (1ms)
	RebuildCommonClasses (25ms)
	RebuildNativeTypeToScriptingClass (9ms)
	initialDomainReloadingComplete (37ms)
	LoadAllAssembliesAndSetupDomain (119ms)
		LoadAssemblies (97ms)
		RebuildTransferFunctionScriptingTraits (0ms)
		AnalyzeDomain (116ms)
			TypeCache.Refresh (115ms)
				TypeCache.ScanAssembly (102ms)
			ScanForSourceGeneratedMonoScriptInfo (0ms)
			ResolveRequiredComponents (1ms)
	FinalizeReload (181ms)
		ReleaseScriptCaches (0ms)
		RebuildScriptCaches (0ms)
		SetupLoadedEditorAssemblies (139ms)
			LogAssemblyErrors (0ms)
			InitializePlatformSupportModulesInManaged (6ms)
			SetLoadedEditorAssemblies (4ms)
			RefreshPlugins (0ms)
			BeforeProcessingInitializeOnLoad (1ms)
			ProcessInitializeOnLoadAttributes (96ms)
			ProcessInitializeOnLoadMethodAttributes (31ms)
			AfterProcessingInitializeOnLoad (0ms)
			EditorAssembliesLoaded (0ms)
		ExecutionOrderSort2 (0ms)
		AwakeInstancesAfterBackupRestoration (0ms)
========================================================================
Worker process is ready to serve import requests
Begin MonoManager ReloadAssembly
- Loaded All Assemblies, in  0.510 seconds
Refreshing native plugins compatible for Editor in 5.15 ms, found 3 plugins.
Native extension for OSXStandalone target not found
Native extension for WebGL target not found
Package Manager log level set to [2]
[Package Manager] Server::EnsureServerProcessIsRunning -- launch failed, reason: Unity was launched with the -noUpm command-line argument
[Package Manager] UpmClient::Send -- Unable to send message (not connected to UPM process).
[Package Manager] Cannot connect to Unity Package Manager local server
Mono: successfully reloaded assembly
[Package Manager] Server::EnsureServerProcessIsRunning -- launch failed, reason: Unity was launched with the -noUpm command-line argument
[Package Manager] UpmClient::Send -- Unable to send message (not connected to UPM process).
[Package Manager] Cannot connect to Unity Package Manager local server
[Package Manager] Server::EnsureServerProcessIsRunning -- launch failed, reason: Unity was launched with the -noUpm command-line argument
[Package Manager] UpmClient::Send -- Unable to send message (not connected to UPM process).
[Package Manager] Cannot connect to Unity Package Manager local server
- Finished resetting the current domain, in  0.650 seconds
Domain Reload Profiling: 1160ms
	BeginReloadAssembly (86ms)
		ExecutionOrderSort (0ms)
		DisableScriptedObjects (3ms)
		BackupInstance (0ms)
		ReleaseScriptingObjects (0ms)
		CreateAndSetChildDomain (21ms)
	RebuildCommonClasses (25ms)
	RebuildNativeTypeToScriptingClass (8ms)
	initialDomainReloadingComplete (25ms)
	LoadAllAssembliesAndSetupDomain (366ms)
		LoadAssemblies (236ms)
		RebuildTransferFunctionScriptingTraits (0ms)
		AnalyzeDomain (166ms)
			TypeCache.Refresh (145ms)
				TypeCache.ScanAssembly (128ms)
			ScanForSourceGeneratedMonoScriptInfo (17ms)
			ResolveRequiredComponents (4ms)
	FinalizeReload (650ms)
		ReleaseScriptCaches (0ms)
		RebuildScriptCaches (0ms)
		SetupLoadedEditorAssemblies (516ms)
			LogAssemblyErrors (0ms)
			InitializePlatformSupportModulesInManaged (4ms)
			SetLoadedEditorAssemblies (7ms)
			RefreshPlugins (0ms)
			BeforeProcessingInitializeOnLoad (78ms)
			ProcessInitializeOnLoadAttributes (403ms)
			ProcessInitializeOnLoadMethodAttributes (24ms)
			AfterProcessingInitializeOnLoad (1ms)
			EditorAssembliesLoaded (0ms)
		ExecutionOrderSort2 (0ms)
		AwakeInstancesAfterBackupRestoration (3ms)
Launching external process: /Applications/Unity/Hub/Editor/2022.3.24f1/Unity.app/Contents/Tools/UnityShaderCompiler
Launched and connected shader compiler UnityShaderCompiler after 0.19 seconds
Refreshing native plugins compatible for Editor in 1.90 ms, found 3 plugins.
Preloading 0 native plugins for Editor in 0.00 ms.
Unloading 4698 Unused Serialized files (Serialized files now loaded: 0)
Unloading 82 unused Assets / (41.5 KB). Loaded Objects now: 5151.
Memory consumption went from 175.0 MB to 175.0 MB.
Total: 4.014708 ms (FindLiveObjects: 0.411958 ms CreateObjectMapping: 0.069167 ms MarkObjects: 3.418958 ms  DeleteObjects: 0.114250 ms)

AssetImportParameters requested are different than current active one (requested -> active):
  custom:container-demuxer-ogg: 62fdf1f143b41e24485cea50d1cbac27 -> 
  custom:video-decoder-ogg-theora: a1e56fd34408186e4bbccfd4996cb3dc -> 
  custom:CustomObjectIndexerAttribute: 9a22284fe3817be447336de3de66b15e -> 
  custom:container-demuxer-webm: 4f35f7cbe854078d1ac9338744f61a02 -> 
  custom:container-muxer-webm: aa71ff27fc2769a1b78a27578f13a17b -> 
  custom:video-decoder-webm-vp8: 9c59270c3fd7afecdb556c50c9e8de78 -> 
  custom:SearchIndexIgnoredProperties: e643bd26f0fe6173181afceb89e7c659 -> 
  custom:AudioImporter_EditorPlatform: 3918e3fc78b5a79bad01e8451be0beb8 -> 
  custom:framework-osx-AVFoundation: e770b220cccbd017edd2c1fefb359320 -> 
  custom:video-encoder-webm-vp8: eb34c28f22e8b96e1ab97ce403110664 -> 
  custom:audio-decoder-ogg-vorbis: bf7c407c2cedff20999df2af8eb42d56 -> 
  custom:audio-encoder-webm-vorbis: bf7c407c2cedff20999df2af8eb42d56 -> 
========================================================================
Received Import Request.
  Time since last request: 170084.121005 seconds.
  path: Assets/character/Player.prefab
  artifactKey: Guid(98b82b6b6eab04b22a0b02bfff8a233d) Importer(815301076,1909f56bfc062723c751e8b465ee728b)
Start importing Assets/character/Player.prefab using Guid(98b82b6b6eab04b22a0b02bfff8a233d) Importer(815301076,1909f56bfc062723c751e8b465ee728b) State "idle" in Controller "player" uses parameter "" which does not exist.
 #0 GetStacktrace(int)
 #1 DebugStringToFile(DebugStringToFileData const&)
 #2 AnimatorController::ValidateParameters()
 #3 AnimatorController::BuildAsset()
 #4 AnimatorController::GetAnimationSetBindings()
 #5 AnimatorControllerPlayable::GenerateGraph()
 #6 AnimatorControllerPlayable::SetAnimatorController(RuntimeAnimatorController*)
 #7 Animator::CreateInternalControllerPlayable()
 #8 Animator::AddToManager()
 #9 Animator::AwakeFromLoad(AwakeFromLoadMode)
 #10 AwakeFromLoadQueue::InvokeAwakeFromLoad(AwakeFromLoadQueue::Item*, unsigned int, AwakeFromLoadMode)
 #11 AwakeFromLoadQueue::AwakeFromLoadAllQueues(AwakeFromLoadMode, bool)
 #12 AwakeAndActivateClonedObjects(Object**, vector_map<int, int, std::__1::less<int>, stl_allocator<std::__1::pair<int, int>, (MemLabelIdentifier)1, 16>> const&)
 #13 InstantiateObjectRemoveAllNonAnimationComponents(Object&, Vector3f const&, Quaternionf const&)
 #14 EditorUtility_CUSTOM_Internal_InstantiateRemoveAllNonAnimationComponentsSingle_Injected(ScriptingBackendNativeObjectPtrOpaque*, Vector3f const&, Quaternionf const&)
 #15  (Mono JIT Code) (wrapper managed-to-native) UnityEditor.EditorUtility:Internal_InstantiateRemoveAllNonAnimationComponentsSingle_Injected (UnityEngine.Object,UnityEngine.Vector3&,UnityEngine.Quaternion&)
 #16  (Mono JIT Code) UnityEditor.EditorUtility:Internal_InstantiateRemoveAllNonAnimationComponentsSingle (UnityEngine.Object,UnityEngine.Vector3,UnityEngine.Quaternion)
 #17  (Mono JIT Code) [EditorUtility.cs:662] UnityEditor.EditorUtility:InstantiateRemoveAllNonAnimationComponents (UnityEngine.Object,UnityEngine.Vector3,UnityEngine.Quaternion)
 #18  (Mono JIT Code) [EditorUtility.cs:628] UnityEditor.EditorUtility:InstantiateForAnimatorPreview (UnityEngine.Object)
 #19  (Mono JIT Code) [GameObjectInspector.cs:129] UnityEditor.GameObjectInspector/PreviewData:UpdateGameObject (UnityEngine.Object)
 #20  (Mono JIT Code) [GameObjectInspector.cs:123] UnityEditor.GameObjectInspector/PreviewData:.ctor (UnityEngine.Object,bool)
 #21  (Mono JIT Code) [GameObjectInspector.cs:956] UnityEditor.GameObjectInspector:GetPreviewData (bool)
 #22  (Mono JIT Code) [GameObjectInspector.cs:1165] UnityEditor.GameObjectInspector:RenderStaticPreview (string,UnityEngine.Object[],int,int)
 #23  (Mono JIT Code) [AssetPreviewUpdater.cs:43] UnityEditor.AssetPreviewUpdater:CreatePreview (UnityEngine.Object,UnityEngine.Object[],string,int,int)
 #24  (Mono JIT Code) [AssetPreviewUpdater.cs:11] UnityEditor.AssetPreviewUpdater:CreatePreviewForAsset (UnityEngine.Object,UnityEngine.Object[],string)
 #25  (Mono JIT Code) (wrapper runtime-invoke) <Module>:runtime_invoke_object_object_object_object (object,intptr,intptr,intptr)
 #26 mono_jit_runtime_invoke
 #27 do_runtime_invoke
 #28 mono_runtime_invoke
 #29 scripting_method_invoke(ScriptingMethodPtr, ScriptingObjectPtr, ScriptingArguments&, ScriptingExceptionPtr*, bool)
 #30 ScriptingInvocation::Invoke(ScriptingExceptionPtr*, bool)
 #31 MonoCreateAssetPreview(Object*, core::vector<Object*, 0ul> const&, core::basic_string<char, core::StringStorageDefault<char>> const&)
 #32 PreviewImporter::GenerateAssetData(AssetImportContext&)
 #33 ImportToObjects(core::basic_string<char, core::StringStorageDefault<char>> const&, core::hash_map<AssetDatabase::ImporterID, ImporterInfo, core::hash<AssetDatabase::ImporterID>, std::__1::equal_to<AssetDatabase::ImporterID>> const&, core::vector<PostprocessorInfo, 0ul> const&, AssetResolveTracker const&, ImportAssetInputs const&, ImportAssetOutputs&, IImportProgress*)
 #34 ImportAsset(core::hash_map<AssetDatabase::ImporterID, ImporterInfo, core::hash<AssetDatabase::ImporterID>, std::__1::equal_to<AssetDatabase::ImporterID>> const&, core::vector<PostprocessorInfo, 0ul> const&, AssetResolveTracker const&, ImportAssetInputs const&, ImportAssetOutputs&, IImportProgress*)
 #35 ImportAssetWithAutoReleasePool(core::hash_map<AssetDatabase::ImporterID, ImporterInfo, core::hash<AssetDatabase::ImporterID>, std::__1::equal_to<AssetDatabase::ImporterID>> const&, core::vector<PostprocessorInfo, 0ul> const&, AssetResolveTracker const&, ImportAssetInputs const&, ImportAssetOutputs&, IImportProgress*)
 #36 AssetImportWorker::Import(AssetResolver&, ImportAssetInputs const&, WorkerImportResponse&, IImportProgress*, bool*)
 #37 invocation function for block in AssetImportWorkerClient::HandleMessage(ImportRequestMessage const&)::$_5::operator()() const
 #38 _dispatch_client_callout
 #39 _dispatch_async_and_wait_invoke
 #40 _dispatch_client_callout
 #41 _dispatch_main_queue_drain
 #42 _dispatch_main_queue_callback_4CF
 #43 __CFRUNLOOP_IS_SERVICING_THE_MAIN_DISPATCH_QUEUE__
 #44 __CFRunLoopRun
 #45 CFRunLoopRunSpecific
 #46 RunCurrentEventLoopInMode
 #47 ReceiveNextEventCommon
 #48 _BlockUntilNextEventMatchingListInModeWithFilter
 #49 _DPSNextEvent
 #50 -[NSApplication(NSEventRouting) _nextEventMatchingEventMask:untilDate:inMode:dequeue:]
 #51 -[NSApplication run]
 #52 NSApplicationMain
 #53 EditorMain(int, char const**)
 #54 main
 #55 start

 -> (artifact id: '1dcd8f85afcbcab34b64175c40c5b1f3') in 0.177392 seconds
Number of updated asset objects reloaded before import = 0
Number of asset objects unloaded after import = 64
========================================================================
Received Import Request.
  Time since last request: 33.029582 seconds.
  path: Assets/character/Player.prefab
  artifactKey: Guid(98b82b6b6eab04b22a0b02bfff8a233d) Importer(815301076,1909f56bfc062723c751e8b465ee728b)
Start importing Assets/character/Player.prefab using Guid(98b82b6b6eab04b22a0b02bfff8a233d) Importer(815301076,1909f56bfc062723c751e8b465ee728b) State "idle" in Controller "player" uses parameter "" which does not exist.
 #0 GetStacktrace(int)
 #1 DebugStringToFile(DebugStringToFileData const&)
 #2 AnimatorController::ValidateParameters()
 #3 AnimatorController::BuildAsset()
 #4 AnimatorController::GetAnimationSetBindings()
 #5 AnimatorControllerPlayable::GenerateGraph()
 #6 AnimatorControllerPlayable::SetAnimatorController(RuntimeAnimatorController*)
 #7 Animator::CreateInternalControllerPlayable()
 #8 Animator::AddToManager()
 #9 Animator::AwakeFromLoad(AwakeFromLoadMode)
 #10 AwakeFromLoadQueue::InvokeAwakeFromLoad(AwakeFromLoadQueue::Item*, unsigned int, AwakeFromLoadMode)
 #11 AwakeFromLoadQueue::AwakeFromLoadAllQueues(AwakeFromLoadMode, bool)
 #12 AwakeAndActivateClonedObjects(Object**, vector_map<int, int, std::__1::less<int>, stl_allocator<std::__1::pair<int, int>, (MemLabelIdentifier)1, 16>> const&)
 #13 InstantiateObjectRemoveAllNonAnimationComponents(Object&, Vector3f const&, Quaternionf const&)
 #14 EditorUtility_CUSTOM_Internal_InstantiateRemoveAllNonAnimationComponentsSingle_Injected(ScriptingBackendNativeObjectPtrOpaque*, Vector3f const&, Quaternionf const&)
 #15  (Mono JIT Code) (wrapper managed-to-native) UnityEditor.EditorUtility:Internal_InstantiateRemoveAllNonAnimationComponentsSingle_Injected (UnityEngine.Object,UnityEngine.Vector3&,UnityEngine.Quaternion&)
 #16  (Mono JIT Code) UnityEditor.EditorUtility:Internal_InstantiateRemoveAllNonAnimationComponentsSingle (UnityEngine.Object,UnityEngine.Vector3,UnityEngine.Quaternion)
 #17  (Mono JIT Code) [EditorUtility.cs:662] UnityEditor.EditorUtility:InstantiateRemoveAllNonAnimationComponents (UnityEngine.Object,UnityEngine.Vector3,UnityEngine.Quaternion)
 #18  (Mono JIT Code) [EditorUtility.cs:628] UnityEditor.EditorUtility:InstantiateForAnimatorPreview (UnityEngine.Object)
 #19  (Mono JIT Code) [GameObjectInspector.cs:129] UnityEditor.GameObjectInspector/PreviewData:UpdateGameObject (UnityEngine.Object)
 #20  (Mono JIT Code) [GameObjectInspector.cs:123] UnityEditor.GameObjectInspector/PreviewData:.ctor (UnityEngine.Object,bool)
 #21  (Mono JIT Code) [GameObjectInspector.cs:956] UnityEditor.GameObjectInspector:GetPreviewData (bool)
 #22  (Mono JIT Code) [GameObjectInspector.cs:1165] UnityEditor.GameObjectInspector:RenderStaticPreview (string,UnityEngine.Object[],int,int)
 #23  (Mono JIT Code) [AssetPreviewUpdater.cs:43] UnityEditor.AssetPreviewUpdater:CreatePreview (UnityEngine.Object,UnityEngine.Object[],string,int,int)
 #24  (Mono JIT Code) [AssetPreviewUpdater.cs:11] UnityEditor.AssetPreviewUpdater:CreatePreviewForAsset (UnityEngine.Object,UnityEngine.Object[],string)
 #25  (Mono JIT Code) (wrapper runtime-invoke) <Module>:runtime_invoke_object_object_object_object (object,intptr,intptr,intptr)
 #26 mono_jit_runtime_invoke
 #27 do_runtime_invoke
 #28 mono_runtime_invoke
 #29 scripting_method_invoke(ScriptingMethodPtr, ScriptingObjectPtr, ScriptingArguments&, ScriptingExceptionPtr*, bool)
 #30 ScriptingInvocation::Invoke(ScriptingExceptionPtr*, bool)
 #31 MonoCreateAssetPreview(Object*, core::vector<Object*, 0ul> const&, core::basic_string<char, core::StringStorageDefault<char>> const&)
 #32 PreviewImporter::GenerateAssetData(AssetImportContext&)
 #33 ImportToObjects(core::basic_string<char, core::StringStorageDefault<char>> const&, core::hash_map<AssetDatabase::ImporterID, ImporterInfo, core::hash<AssetDatabase::ImporterID>, std::__1::equal_to<AssetDatabase::ImporterID>> const&, core::vector<PostprocessorInfo, 0ul> const&, AssetResolveTracker const&, ImportAssetInputs const&, ImportAssetOutputs&, IImportProgress*)
 #34 ImportAsset(core::hash_map<AssetDatabase::ImporterID, ImporterInfo, core::hash<AssetDatabase::ImporterID>, std::__1::equal_to<AssetDatabase::ImporterID>> const&, core::vector<PostprocessorInfo, 0ul> const&, AssetResolveTracker const&, ImportAssetInputs const&, ImportAssetOutputs&, IImportProgress*)
 #35 ImportAssetWithAutoReleasePool(core::hash_map<AssetDatabase::ImporterID, ImporterInfo, core::hash<AssetDatabase::ImporterID>, std::__1::equal_to<AssetDatabase::ImporterID>> const&, core::vector<PostprocessorInfo, 0ul> const&, AssetResolveTracker const&, ImportAssetInputs const&, ImportAssetOutputs&, IImportProgress*)
 #36 AssetImportWorker::Import(AssetResolver&, ImportAssetInputs const&, WorkerImportResponse&, IImportProgress*, bool*)
 #37 invocation function for block in AssetImportWorkerClient::HandleMessage(ImportRequestMessage const&)::$_5::operator()() const
 #38 _dispatch_client_callout
 #39 _dispatch_async_and_wait_invoke
 #40 _dispatch_client_callout
 #41 _dispatch_main_queue_drain
 #42 _dispatch_main_queue_callback_4CF
 #43 __CFRUNLOOP_IS_SERVICING_THE_MAIN_DISPATCH_QUEUE__
 #44 __CFRunLoopRun
 #45 CFRunLoopRunSpecific
 #46 RunCurrentEventLoopInMode
 #47 ReceiveNextEventCommon
 #48 _BlockUntilNextEventMatchingListInModeWithFilter
 #49 _DPSNextEvent
 #50 -[NSApplication(NSEventRouting) _nextEventMatchingEventMask:untilDate:inMode:dequeue:]
 #51 -[NSApplication run]
 #52 NSApplicationMain
 #53 EditorMain(int, char const**)
 #54 main
 #55 start

 -> (artifact id: '6d8a1fa6e04779596f516181ef97fc5c') in 0.108473 seconds
Number of updated asset objects reloaded before import = 0
Number of asset objects unloaded after import = 64
========================================================================
Received Import Request.
  Time since last request: 5.316120 seconds.
  path: Assets/character/Player.prefab
  artifactKey: Guid(98b82b6b6eab04b22a0b02bfff8a233d) Importer(815301076,1909f56bfc062723c751e8b465ee728b)
Start importing Assets/character/Player.prefab using Guid(98b82b6b6eab04b22a0b02bfff8a233d) Importer(815301076,1909f56bfc062723c751e8b465ee728b) State "idle" in Controller "player" uses parameter "" which does not exist.
 #0 GetStacktrace(int)
 #1 DebugStringToFile(DebugStringToFileData const&)
 #2 AnimatorController::ValidateParameters()
 #3 AnimatorController::BuildAsset()
 #4 AnimatorController::GetAnimationSetBindings()
 #5 AnimatorControllerPlayable::GenerateGraph()
 #6 AnimatorControllerPlayable::SetAnimatorController(RuntimeAnimatorController*)
 #7 Animator::CreateInternalControllerPlayable()
 #8 Animator::AddToManager()
 #9 Animator::AwakeFromLoad(AwakeFromLoadMode)
 #10 AwakeFromLoadQueue::InvokeAwakeFromLoad(AwakeFromLoadQueue::Item*, unsigned int, AwakeFromLoadMode)
 #11 AwakeFromLoadQueue::AwakeFromLoadAllQueues(AwakeFromLoadMode, bool)
 #12 AwakeAndActivateClonedObjects(Object**, vector_map<int, int, std::__1::less<int>, stl_allocator<std::__1::pair<int, int>, (MemLabelIdentifier)1, 16>> const&)
 #13 InstantiateObjectRemoveAllNonAnimationComponents(Object&, Vector3f const&, Quaternionf const&)
 #14 EditorUtility_CUSTOM_Internal_InstantiateRemoveAllNonAnimationComponentsSingle_Injected(ScriptingBackendNativeObjectPtrOpaque*, Vector3f const&, Quaternionf const&)
 #15  (Mono JIT Code) (wrapper managed-to-native) UnityEditor.EditorUtility:Internal_InstantiateRemoveAllNonAnimationComponentsSingle_Injected (UnityEngine.Object,UnityEngine.Vector3&,UnityEngine.Quaternion&)
 #16  (Mono JIT Code) UnityEditor.EditorUtility:Internal_InstantiateRemoveAllNonAnimationComponentsSingle (UnityEngine.Object,UnityEngine.Vector3,UnityEngine.Quaternion)
 #17  (Mono JIT Code) [EditorUtility.cs:662] UnityEditor.EditorUtility:InstantiateRemoveAllNonAnimationComponents (UnityEngine.Object,UnityEngine.Vector3,UnityEngine.Quaternion)
 #18  (Mono JIT Code) [EditorUtility.cs:628] UnityEditor.EditorUtility:InstantiateForAnimatorPreview (UnityEngine.Object)
 #19  (Mono JIT Code) [GameObjectInspector.cs:129] UnityEditor.GameObjectInspector/PreviewData:UpdateGameObject (UnityEngine.Object)
 #20  (Mono JIT Code) [GameObjectInspector.cs:123] UnityEditor.GameObjectInspector/PreviewData:.ctor (UnityEngine.Object,bool)
 #21  (Mono JIT Code) [GameObjectInspector.cs:956] UnityEditor.GameObjectInspector:GetPreviewData (bool)
 #22  (Mono JIT Code) [GameObjectInspector.cs:1165] UnityEditor.GameObjectInspector:RenderStaticPreview (string,UnityEngine.Object[],int,int)
 #23  (Mono JIT Code) [AssetPreviewUpdater.cs:43] UnityEditor.AssetPreviewUpdater:CreatePreview (UnityEngine.Object,UnityEngine.Object[],string,int,int)
 #24  (Mono JIT Code) [AssetPreviewUpdater.cs:11] UnityEditor.AssetPreviewUpdater:CreatePreviewForAsset (UnityEngine.Object,UnityEngine.Object[],string)
 #25  (Mono JIT Code) (wrapper runtime-invoke) <Module>:runtime_invoke_object_object_object_object (object,intptr,intptr,intptr)
 #26 mono_jit_runtime_invoke
 #27 do_runtime_invoke
 #28 mono_runtime_invoke
 #29 scripting_method_invoke(ScriptingMethodPtr, ScriptingObjectPtr, ScriptingArguments&, ScriptingExceptionPtr*, bool)
 #30 ScriptingInvocation::Invoke(ScriptingExceptionPtr*, bool)
 #31 MonoCreateAssetPreview(Object*, core::vector<Object*, 0ul> const&, core::basic_string<char, core::StringStorageDefault<char>> const&)
 #32 PreviewImporter::GenerateAssetData(AssetImportContext&)
 #33 ImportToObjects(core::basic_string<char, core::StringStorageDefault<char>> const&, core::hash_map<AssetDatabase::ImporterID, ImporterInfo, core::hash<AssetDatabase::ImporterID>, std::__1::equal_to<AssetDatabase::ImporterID>> const&, core::vector<PostprocessorInfo, 0ul> const&, AssetResolveTracker const&, ImportAssetInputs const&, ImportAssetOutputs&, IImportProgress*)
 #34 ImportAsset(core::hash_map<AssetDatabase::ImporterID, ImporterInfo, core::hash<AssetDatabase::ImporterID>, std::__1::equal_to<AssetDatabase::ImporterID>> const&, core::vector<PostprocessorInfo, 0ul> const&, AssetResolveTracker const&, ImportAssetInputs const&, ImportAssetOutputs&, IImportProgress*)
 #35 ImportAssetWithAutoReleasePool(core::hash_map<AssetDatabase::ImporterID, ImporterInfo, core::hash<AssetDatabase::ImporterID>, std::__1::equal_to<AssetDatabase::ImporterID>> const&, core::vector<PostprocessorInfo, 0ul> const&, AssetResolveTracker const&, ImportAssetInputs const&, ImportAssetOutputs&, IImportProgress*)
 #36 AssetImportWorker::Import(AssetResolver&, ImportAssetInputs const&, WorkerImportResponse&, IImportProgress*, bool*)
 #37 invocation function for block in AssetImportWorkerClient::HandleMessage(ImportRequestMessage const&)::$_5::operator()() const
 #38 _dispatch_client_callout
 #39 _dispatch_async_and_wait_invoke
 #40 _dispatch_client_callout
 #41 _dispatch_main_queue_drain
 #42 _dispatch_main_queue_callback_4CF
 #43 __CFRUNLOOP_IS_SERVICING_THE_MAIN_DISPATCH_QUEUE__
 #44 __CFRunLoopRun
 #45 CFRunLoopRunSpecific
 #46 RunCurrentEventLoopInMode
 #47 ReceiveNextEventCommon
 #48 _BlockUntilNextEventMatchingListInModeWithFilter
 #49 _DPSNextEvent
 #50 -[NSApplication(NSEventRouting) _nextEventMatchingEventMask:untilDate:inMode:dequeue:]
 #51 -[NSApplication run]
 #52 NSApplicationMain
 #53 EditorMain(int, char const**)
 #54 main
 #55 start

 -> (artifact id: 'ecbc2f133f36040f437d5ff6fc4bc459') in 0.052588 seconds
Number of updated asset objects reloaded before import = 0
Number of asset objects unloaded after import = 64
========================================================================
Received Import Request.
  Time since last request: 2.984819 seconds.
  path: Assets/character/Player.prefab
  artifactKey: Guid(98b82b6b6eab04b22a0b02bfff8a233d) Importer(815301076,1909f56bfc062723c751e8b465ee728b)
Start importing Assets/character/Player.prefab using Guid(98b82b6b6eab04b22a0b02bfff8a233d) Importer(815301076,1909f56bfc062723c751e8b465ee728b) State "idle" in Controller "player" uses parameter "" which does not exist.
 #0 GetStacktrace(int)
 #1 DebugStringToFile(DebugStringToFileData const&)
 #2 AnimatorController::ValidateParameters()
 #3 AnimatorController::BuildAsset()
 #4 AnimatorController::GetAnimationSetBindings()
 #5 AnimatorControllerPlayable::GenerateGraph()
 #6 AnimatorControllerPlayable::SetAnimatorController(RuntimeAnimatorController*)
 #7 Animator::CreateInternalControllerPlayable()
 #8 Animator::AddToManager()
 #9 Animator::AwakeFromLoad(AwakeFromLoadMode)
 #10 AwakeFromLoadQueue::InvokeAwakeFromLoad(AwakeFromLoadQueue::Item*, unsigned int, AwakeFromLoadMode)
 #11 AwakeFromLoadQueue::AwakeFromLoadAllQueues(AwakeFromLoadMode, bool)
 #12 AwakeAndActivateClonedObjects(Object**, vector_map<int, int, std::__1::less<int>, stl_allocator<std::__1::pair<int, int>, (MemLabelIdentifier)1, 16>> const&)
 #13 InstantiateObjectRemoveAllNonAnimationComponents(Object&, Vector3f const&, Quaternionf const&)
 #14 EditorUtility_CUSTOM_Internal_InstantiateRemoveAllNonAnimationComponentsSingle_Injected(ScriptingBackendNativeObjectPtrOpaque*, Vector3f const&, Quaternionf const&)
 #15  (Mono JIT Code) (wrapper managed-to-native) UnityEditor.EditorUtility:Internal_InstantiateRemoveAllNonAnimationComponentsSingle_Injected (UnityEngine.Object,UnityEngine.Vector3&,UnityEngine.Quaternion&)
 #16  (Mono JIT Code) UnityEditor.EditorUtility:Internal_InstantiateRemoveAllNonAnimationComponentsSingle (UnityEngine.Object,UnityEngine.Vector3,UnityEngine.Quaternion)
 #17  (Mono JIT Code) [EditorUtility.cs:662] UnityEditor.EditorUtility:InstantiateRemoveAllNonAnimationComponents (UnityEngine.Object,UnityEngine.Vector3,UnityEngine.Quaternion)
 #18  (Mono JIT Code) [EditorUtility.cs:628] UnityEditor.EditorUtility:InstantiateForAnimatorPreview (UnityEngine.Object)
 #19  (Mono JIT Code) [GameObjectInspector.cs:129] UnityEditor.GameObjectInspector/PreviewData:UpdateGameObject (UnityEngine.Object)
 #20  (Mono JIT Code) [GameObjectInspector.cs:123] UnityEditor.GameObjectInspector/PreviewData:.ctor (UnityEngine.Object,bool)
 #21  (Mono JIT Code) [GameObjectInspector.cs:956] UnityEditor.GameObjectInspector:GetPreviewData (bool)
 #22  (Mono JIT Code) [GameObjectInspector.cs:1165] UnityEditor.GameObjectInspector:RenderStaticPreview (string,UnityEngine.Object[],int,int)
 #23  (Mono JIT Code) [AssetPreviewUpdater.cs:43] UnityEditor.AssetPreviewUpdater:CreatePreview (UnityEngine.Object,UnityEngine.Object[],string,int,int)
 #24  (Mono JIT Code) [AssetPreviewUpdater.cs:11] UnityEditor.AssetPreviewUpdater:CreatePreviewForAsset (UnityEngine.Object,UnityEngine.Object[],string)
 #25  (Mono JIT Code) (wrapper runtime-invoke) <Module>:runtime_invoke_object_object_object_object (object,intptr,intptr,intptr)
 #26 mono_jit_runtime_invoke
 #27 do_runtime_invoke
 #28 mono_runtime_invoke
 #29 scripting_method_invoke(ScriptingMethodPtr, ScriptingObjectPtr, ScriptingArguments&, ScriptingExceptionPtr*, bool)
 #30 ScriptingInvocation::Invoke(ScriptingExceptionPtr*, bool)
 #31 MonoCreateAssetPreview(Object*, core::vector<Object*, 0ul> const&, core::basic_string<char, core::StringStorageDefault<char>> const&)
 #32 PreviewImporter::GenerateAssetData(AssetImportContext&)
 #33 ImportToObjects(core::basic_string<char, core::StringStorageDefault<char>> const&, core::hash_map<AssetDatabase::ImporterID, ImporterInfo, core::hash<AssetDatabase::ImporterID>, std::__1::equal_to<AssetDatabase::ImporterID>> const&, core::vector<PostprocessorInfo, 0ul> const&, AssetResolveTracker const&, ImportAssetInputs const&, ImportAssetOutputs&, IImportProgress*)
 #34 ImportAsset(core::hash_map<AssetDatabase::ImporterID, ImporterInfo, core::hash<AssetDatabase::ImporterID>, std::__1::equal_to<AssetDatabase::ImporterID>> const&, core::vector<PostprocessorInfo, 0ul> const&, AssetResolveTracker const&, ImportAssetInputs const&, ImportAssetOutputs&, IImportProgress*)
 #35 ImportAssetWithAutoReleasePool(core::hash_map<AssetDatabase::ImporterID, ImporterInfo, core::hash<AssetDatabase::ImporterID>, std::__1::equal_to<AssetDatabase::ImporterID>> const&, core::vector<PostprocessorInfo, 0ul> const&, AssetResolveTracker const&, ImportAssetInputs const&, ImportAssetOutputs&, IImportProgress*)
 #36 AssetImportWorker::Import(AssetResolver&, ImportAssetInputs const&, WorkerImportResponse&, IImportProgress*, bool*)
 #37 invocation function for block in AssetImportWorkerClient::HandleMessage(ImportRequestMessage const&)::$_5::operator()() const
 #38 _dispatch_client_callout
 #39 _dispatch_async_and_wait_invoke
 #40 _dispatch_client_callout
 #41 _dispatch_main_queue_drain
 #42 _dispatch_main_queue_callback_4CF
 #43 __CFRUNLOOP_IS_SERVICING_THE_MAIN_DISPATCH_QUEUE__
 #44 __CFRunLoopRun
 #45 CFRunLoopRunSpecific
 #46 RunCurrentEventLoopInMode
 #47 ReceiveNextEventCommon
 #48 _BlockUntilNextEventMatchingListInModeWithFilter
 #49 _DPSNextEvent
 #50 -[NSApplication(NSEventRouting) _nextEventMatchingEventMask:untilDate:inMode:dequeue:]
 #51 -[NSApplication run]
 #52 NSApplicationMain
 #53 EditorMain(int, char const**)
 #54 main
 #55 start

 -> (artifact id: '8572e8f589d7b0ef5792fc7d1788c07b') in 0.041599 seconds
Number of updated asset objects reloaded before import = 0
Number of asset objects unloaded after import = 64
========================================================================
Received Import Request.
  Time since last request: 3.188817 seconds.
  path: Assets/character/Player.prefab
  artifactKey: Guid(98b82b6b6eab04b22a0b02bfff8a233d) Importer(815301076,1909f56bfc062723c751e8b465ee728b)
Start importing Assets/character/Player.prefab using Guid(98b82b6b6eab04b22a0b02bfff8a233d) Importer(815301076,1909f56bfc062723c751e8b465ee728b) State "idle" in Controller "player" uses parameter "" which does not exist.
 #0 GetStacktrace(int)
 #1 DebugStringToFile(DebugStringToFileData const&)
 #2 AnimatorController::ValidateParameters()
 #3 AnimatorController::BuildAsset()
 #4 AnimatorController::GetAnimationSetBindings()
 #5 AnimatorControllerPlayable::GenerateGraph()
 #6 AnimatorControllerPlayable::SetAnimatorController(RuntimeAnimatorController*)
 #7 Animator::CreateInternalControllerPlayable()
 #8 Animator::AddToManager()
 #9 Animator::AwakeFromLoad(AwakeFromLoadMode)
 #10 AwakeFromLoadQueue::InvokeAwakeFromLoad(AwakeFromLoadQueue::Item*, unsigned int, AwakeFromLoadMode)
 #11 AwakeFromLoadQueue::AwakeFromLoadAllQueues(AwakeFromLoadMode, bool)
 #12 AwakeAndActivateClonedObjects(Object**, vector_map<int, int, std::__1::less<int>, stl_allocator<std::__1::pair<int, int>, (MemLabelIdentifier)1, 16>> const&)
 #13 InstantiateObjectRemoveAllNonAnimationComponents(Object&, Vector3f const&, Quaternionf const&)
 #14 EditorUtility_CUSTOM_Internal_InstantiateRemoveAllNonAnimationComponentsSingle_Injected(ScriptingBackendNativeObjectPtrOpaque*, Vector3f const&, Quaternionf const&)
 #15  (Mono JIT Code) (wrapper managed-to-native) UnityEditor.EditorUtility:Internal_InstantiateRemoveAllNonAnimationComponentsSingle_Injected (UnityEngine.Object,UnityEngine.Vector3&,UnityEngine.Quaternion&)
 #16  (Mono JIT Code) UnityEditor.EditorUtility:Internal_InstantiateRemoveAllNonAnimationComponentsSingle (UnityEngine.Object,UnityEngine.Vector3,UnityEngine.Quaternion)
 #17  (Mono JIT Code) [EditorUtility.cs:662] UnityEditor.EditorUtility:InstantiateRemoveAllNonAnimationComponents (UnityEngine.Object,UnityEngine.Vector3,UnityEngine.Quaternion)
 #18  (Mono JIT Code) [EditorUtility.cs:628] UnityEditor.EditorUtility:InstantiateForAnimatorPreview (UnityEngine.Object)
 #19  (Mono JIT Code) [GameObjectInspector.cs:129] UnityEditor.GameObjectInspector/PreviewData:UpdateGameObject (UnityEngine.Object)
 #20  (Mono JIT Code) [GameObjectInspector.cs:123] UnityEditor.GameObjectInspector/PreviewData:.ctor (UnityEngine.Object,bool)
 #21  (Mono JIT Code) [GameObjectInspector.cs:956] UnityEditor.GameObjectInspector:GetPreviewData (bool)
 #22  (Mono JIT Code) [GameObjectInspector.cs:1165] UnityEditor.GameObjectInspector:RenderStaticPreview (string,UnityEngine.Object[],int,int)
 #23  (Mono JIT Code) [AssetPreviewUpdater.cs:43] UnityEditor.AssetPreviewUpdater:CreatePreview (UnityEngine.Object,UnityEngine.Object[],string,int,int)
 #24  (Mono JIT Code) [AssetPreviewUpdater.cs:11] UnityEditor.AssetPreviewUpdater:CreatePreviewForAsset (UnityEngine.Object,UnityEngine.Object[],string)
 #25  (Mono JIT Code) (wrapper runtime-invoke) <Module>:runtime_invoke_object_object_object_object (object,intptr,intptr,intptr)
 #26 mono_jit_runtime_invoke
 #27 do_runtime_invoke
 #28 mono_runtime_invoke
 #29 scripting_method_invoke(ScriptingMethodPtr, ScriptingObjectPtr, ScriptingArguments&, ScriptingExceptionPtr*, bool)
 #30 ScriptingInvocation::Invoke(ScriptingExceptionPtr*, bool)
 #31 MonoCreateAssetPreview(Object*, core::vector<Object*, 0ul> const&, core::basic_string<char, core::StringStorageDefault<char>> const&)
 #32 PreviewImporter::GenerateAssetData(AssetImportContext&)
 #33 ImportToObjects(core::basic_string<char, core::StringStorageDefault<char>> const&, core::hash_map<AssetDatabase::ImporterID, ImporterInfo, core::hash<AssetDatabase::ImporterID>, std::__1::equal_to<AssetDatabase::ImporterID>> const&, core::vector<PostprocessorInfo, 0ul> const&, AssetResolveTracker const&, ImportAssetInputs const&, ImportAssetOutputs&, IImportProgress*)
 #34 ImportAsset(core::hash_map<AssetDatabase::ImporterID, ImporterInfo, core::hash<AssetDatabase::ImporterID>, std::__1::equal_to<AssetDatabase::ImporterID>> const&, core::vector<PostprocessorInfo, 0ul> const&, AssetResolveTracker const&, ImportAssetInputs const&, ImportAssetOutputs&, IImportProgress*)
 #35 ImportAssetWithAutoReleasePool(core::hash_map<AssetDatabase::ImporterID, ImporterInfo, core::hash<AssetDatabase::ImporterID>, std::__1::equal_to<AssetDatabase::ImporterID>> const&, core::vector<PostprocessorInfo, 0ul> const&, AssetResolveTracker const&, ImportAssetInputs const&, ImportAssetOutputs&, IImportProgress*)
 #36 AssetImportWorker::Import(AssetResolver&, ImportAssetInputs const&, WorkerImportResponse&, IImportProgress*, bool*)
 #37 invocation function for block in AssetImportWorkerClient::HandleMessage(ImportRequestMessage const&)::$_5::operator()() const
 #38 _dispatch_client_callout
 #39 _dispatch_async_and_wait_invoke
 #40 _dispatch_client_callout
 #41 _dispatch_main_queue_drain
 #42 _dispatch_main_queue_callback_4CF
 #43 __CFRUNLOOP_IS_SERVICING_THE_MAIN_DISPATCH_QUEUE__
 #44 __CFRunLoopRun
 #45 CFRunLoopRunSpecific
 #46 RunCurrentEventLoopInMode
 #47 ReceiveNextEventCommon
 #48 _BlockUntilNextEventMatchingListInModeWithFilter
 #49 _DPSNextEvent
 #50 -[NSApplication(NSEventRouting) _nextEventMatchingEventMask:untilDate:inMode:dequeue:]
 #51 -[NSApplication run]
 #52 NSApplicationMain
 #53 EditorMain(int, char const**)
 #54 main
 #55 start

 -> (artifact id: '3df89687d8ff1326b0d118ff809e6710') in 0.043629 seconds
Number of updated asset objects reloaded before import = 0
Number of asset objects unloaded after import = 64
========================================================================
Received Import Request.
  Time since last request: 4.200328 seconds.
  path: Assets/character/Player.prefab
  artifactKey: Guid(98b82b6b6eab04b22a0b02bfff8a233d) Importer(815301076,1909f56bfc062723c751e8b465ee728b)
Start importing Assets/character/Player.prefab using Guid(98b82b6b6eab04b22a0b02bfff8a233d) Importer(815301076,1909f56bfc062723c751e8b465ee728b) State "idle" in Controller "player" uses parameter "" which does not exist.
 #0 GetStacktrace(int)
 #1 DebugStringToFile(DebugStringToFileData const&)
 #2 AnimatorController::ValidateParameters()
 #3 AnimatorController::BuildAsset()
 #4 AnimatorController::GetAnimationSetBindings()
 #5 AnimatorControllerPlayable::GenerateGraph()
 #6 AnimatorControllerPlayable::SetAnimatorController(RuntimeAnimatorController*)
 #7 Animator::CreateInternalControllerPlayable()
 #8 Animator::AddToManager()
 #9 Animator::AwakeFromLoad(AwakeFromLoadMode)
 #10 AwakeFromLoadQueue::InvokeAwakeFromLoad(AwakeFromLoadQueue::Item*, unsigned int, AwakeFromLoadMode)
 #11 AwakeFromLoadQueue::AwakeFromLoadAllQueues(AwakeFromLoadMode, bool)
 #12 AwakeAndActivateClonedObjects(Object**, vector_map<int, int, std::__1::less<int>, stl_allocator<std::__1::pair<int, int>, (MemLabelIdentifier)1, 16>> const&)
 #13 InstantiateObjectRemoveAllNonAnimationComponents(Object&, Vector3f const&, Quaternionf const&)
 #14 EditorUtility_CUSTOM_Internal_InstantiateRemoveAllNonAnimationComponentsSingle_Injected(ScriptingBackendNativeObjectPtrOpaque*, Vector3f const&, Quaternionf const&)
 #15  (Mono JIT Code) (wrapper managed-to-native) UnityEditor.EditorUtility:Internal_InstantiateRemoveAllNonAnimationComponentsSingle_Injected (UnityEngine.Object,UnityEngine.Vector3&,UnityEngine.Quaternion&)
 #16  (Mono JIT Code) UnityEditor.EditorUtility:Internal_InstantiateRemoveAllNonAnimationComponentsSingle (UnityEngine.Object,UnityEngine.Vector3,UnityEngine.Quaternion)
 #17  (Mono JIT Code) [EditorUtility.cs:662] UnityEditor.EditorUtility:InstantiateRemoveAllNonAnimationComponents (UnityEngine.Object,UnityEngine.Vector3,UnityEngine.Quaternion)
 #18  (Mono JIT Code) [EditorUtility.cs:628] UnityEditor.EditorUtility:InstantiateForAnimatorPreview (UnityEngine.Object)
 #19  (Mono JIT Code) [GameObjectInspector.cs:129] UnityEditor.GameObjectInspector/PreviewData:UpdateGameObject (UnityEngine.Object)
 #20  (Mono JIT Code) [GameObjectInspector.cs:123] UnityEditor.GameObjectInspector/PreviewData:.ctor (UnityEngine.Object,bool)
 #21  (Mono JIT Code) [GameObjectInspector.cs:956] UnityEditor.GameObjectInspector:GetPreviewData (bool)
 #22  (Mono JIT Code) [GameObjectInspector.cs:1165] UnityEditor.GameObjectInspector:RenderStaticPreview (string,UnityEngine.Object[],int,int)
 #23  (Mono JIT Code) [AssetPreviewUpdater.cs:43] UnityEditor.AssetPreviewUpdater:CreatePreview (UnityEngine.Object,UnityEngine.Object[],string,int,int)
 #24  (Mono JIT Code) [AssetPreviewUpdater.cs:11] UnityEditor.AssetPreviewUpdater:CreatePreviewForAsset (UnityEngine.Object,UnityEngine.Object[],string)
 #25  (Mono JIT Code) (wrapper runtime-invoke) <Module>:runtime_invoke_object_object_object_object (object,intptr,intptr,intptr)
 #26 mono_jit_runtime_invoke
 #27 do_runtime_invoke
 #28 mono_runtime_invoke
 #29 scripting_method_invoke(ScriptingMethodPtr, ScriptingObjectPtr, ScriptingArguments&, ScriptingExceptionPtr*, bool)
 #30 ScriptingInvocation::Invoke(ScriptingExceptionPtr*, bool)
 #31 MonoCreateAssetPreview(Object*, core::vector<Object*, 0ul> const&, core::basic_string<char, core::StringStorageDefault<char>> const&)
 #32 PreviewImporter::GenerateAssetData(AssetImportContext&)
 #33 ImportToObjects(core::basic_string<char, core::StringStorageDefault<char>> const&, core::hash_map<AssetDatabase::ImporterID, ImporterInfo, core::hash<AssetDatabase::ImporterID>, std::__1::equal_to<AssetDatabase::ImporterID>> const&, core::vector<PostprocessorInfo, 0ul> const&, AssetResolveTracker const&, ImportAssetInputs const&, ImportAssetOutputs&, IImportProgress*)
 #34 ImportAsset(core::hash_map<AssetDatabase::ImporterID, ImporterInfo, core::hash<AssetDatabase::ImporterID>, std::__1::equal_to<AssetDatabase::ImporterID>> const&, core::vector<PostprocessorInfo, 0ul> const&, AssetResolveTracker const&, ImportAssetInputs const&, ImportAssetOutputs&, IImportProgress*)
 #35 ImportAssetWithAutoReleasePool(core::hash_map<AssetDatabase::ImporterID, ImporterInfo, core::hash<AssetDatabase::ImporterID>, std::__1::equal_to<AssetDatabase::ImporterID>> const&, core::vector<PostprocessorInfo, 0ul> const&, AssetResolveTracker const&, ImportAssetInputs const&, ImportAssetOutputs&, IImportProgress*)
 #36 AssetImportWorker::Import(AssetResolver&, ImportAssetInputs const&, WorkerImportResponse&, IImportProgress*, bool*)
 #37 invocation function for block in AssetImportWorkerClient::HandleMessage(ImportRequestMessage const&)::$_5::operator()() const
 #38 _dispatch_client_callout
 #39 _dispatch_async_and_wait_invoke
 #40 _dispatch_client_callout
 #41 _dispatch_main_queue_drain
 #42 _dispatch_main_queue_callback_4CF
 #43 __CFRUNLOOP_IS_SERVICING_THE_MAIN_DISPATCH_QUEUE__
 #44 __CFRunLoopRun
 #45 CFRunLoopRunSpecific
 #46 RunCurrentEventLoopInMode
 #47 ReceiveNextEventCommon
 #48 _BlockUntilNextEventMatchingListInModeWithFilter
 #49 _DPSNextEvent
 #50 -[NSApplication(NSEventRouting) _nextEventMatchingEventMask:untilDate:inMode:dequeue:]
 #51 -[NSApplication run]
 #52 NSApplicationMain
 #53 EditorMain(int, char const**)
 #54 main
 #55 start

 -> (artifact id: '8f486140afb6e242fea67d9e6994cb64') in 0.039522 seconds
Number of updated asset objects reloaded before import = 0
Number of asset objects unloaded after import = 64
========================================================================
Received Import Request.
  Time since last request: 4.994796 seconds.
  path: Assets/character/Player.prefab
  artifactKey: Guid(98b82b6b6eab04b22a0b02bfff8a233d) Importer(815301076,1909f56bfc062723c751e8b465ee728b)
Start importing Assets/character/Player.prefab using Guid(98b82b6b6eab04b22a0b02bfff8a233d) Importer(815301076,1909f56bfc062723c751e8b465ee728b) State "idle" in Controller "player" uses parameter "" which does not exist.
 #0 GetStacktrace(int)
 #1 DebugStringToFile(DebugStringToFileData const&)
 #2 AnimatorController::ValidateParameters()
 #3 AnimatorController::BuildAsset()
 #4 AnimatorController::GetAnimationSetBindings()
 #5 AnimatorControllerPlayable::GenerateGraph()
 #6 AnimatorControllerPlayable::SetAnimatorController(RuntimeAnimatorController*)
 #7 Animator::CreateInternalControllerPlayable()
 #8 Animator::AddToManager()
 #9 Animator::AwakeFromLoad(AwakeFromLoadMode)
 #10 AwakeFromLoadQueue::InvokeAwakeFromLoad(AwakeFromLoadQueue::Item*, unsigned int, AwakeFromLoadMode)
 #11 AwakeFromLoadQueue::AwakeFromLoadAllQueues(AwakeFromLoadMode, bool)
 #12 AwakeAndActivateClonedObjects(Object**, vector_map<int, int, std::__1::less<int>, stl_allocator<std::__1::pair<int, int>, (MemLabelIdentifier)1, 16>> const&)
 #13 InstantiateObjectRemoveAllNonAnimationComponents(Object&, Vector3f const&, Quaternionf const&)
 #14 EditorUtility_CUSTOM_Internal_InstantiateRemoveAllNonAnimationComponentsSingle_Injected(ScriptingBackendNativeObjectPtrOpaque*, Vector3f const&, Quaternionf const&)
 #15  (Mono JIT Code) (wrapper managed-to-native) UnityEditor.EditorUtility:Internal_InstantiateRemoveAllNonAnimationComponentsSingle_Injected (UnityEngine.Object,UnityEngine.Vector3&,UnityEngine.Quaternion&)
 #16  (Mono JIT Code) UnityEditor.EditorUtility:Internal_InstantiateRemoveAllNonAnimationComponentsSingle (UnityEngine.Object,UnityEngine.Vector3,UnityEngine.Quaternion)
 #17  (Mono JIT Code) [EditorUtility.cs:662] UnityEditor.EditorUtility:InstantiateRemoveAllNonAnimationComponents (UnityEngine.Object,UnityEngine.Vector3,UnityEngine.Quaternion)
 #18  (Mono JIT Code) [EditorUtility.cs:628] UnityEditor.EditorUtility:InstantiateForAnimatorPreview (UnityEngine.Object)
 #19  (Mono JIT Code) [GameObjectInspector.cs:129] UnityEditor.GameObjectInspector/PreviewData:UpdateGameObject (UnityEngine.Object)
 #20  (Mono JIT Code) [GameObjectInspector.cs:123] UnityEditor.GameObjectInspector/PreviewData:.ctor (UnityEngine.Object,bool)
 #21  (Mono JIT Code) [GameObjectInspector.cs:956] UnityEditor.GameObjectInspector:GetPreviewData (bool)
 #22  (Mono JIT Code) [GameObjectInspector.cs:1165] UnityEditor.GameObjectInspector:RenderStaticPreview (string,UnityEngine.Object[],int,int)
 #23  (Mono JIT Code) [AssetPreviewUpdater.cs:43] UnityEditor.AssetPreviewUpdater:CreatePreview (UnityEngine.Object,UnityEngine.Object[],string,int,int)
 #24  (Mono JIT Code) [AssetPreviewUpdater.cs:11] UnityEditor.AssetPreviewUpdater:CreatePreviewForAsset (UnityEngine.Object,UnityEngine.Object[],string)
 #25  (Mono JIT Code) (wrapper runtime-invoke) <Module>:runtime_invoke_object_object_object_object (object,intptr,intptr,intptr)
 #26 mono_jit_runtime_invoke
 #27 do_runtime_invoke
 #28 mono_runtime_invoke
 #29 scripting_method_invoke(ScriptingMethodPtr, ScriptingObjectPtr, ScriptingArguments&, ScriptingExceptionPtr*, bool)
 #30 ScriptingInvocation::Invoke(ScriptingExceptionPtr*, bool)
 #31 MonoCreateAssetPreview(Object*, core::vector<Object*, 0ul> const&, core::basic_string<char, core::StringStorageDefault<char>> const&)
 #32 PreviewImporter::GenerateAssetData(AssetImportContext&)
 #33 ImportToObjects(core::basic_string<char, core::StringStorageDefault<char>> const&, core::hash_map<AssetDatabase::ImporterID, ImporterInfo, core::hash<AssetDatabase::ImporterID>, std::__1::equal_to<AssetDatabase::ImporterID>> const&, core::vector<PostprocessorInfo, 0ul> const&, AssetResolveTracker const&, ImportAssetInputs const&, ImportAssetOutputs&, IImportProgress*)
 #34 ImportAsset(core::hash_map<AssetDatabase::ImporterID, ImporterInfo, core::hash<AssetDatabase::ImporterID>, std::__1::equal_to<AssetDatabase::ImporterID>> const&, core::vector<PostprocessorInfo, 0ul> const&, AssetResolveTracker const&, ImportAssetInputs const&, ImportAssetOutputs&, IImportProgress*)
 #35 ImportAssetWithAutoReleasePool(core::hash_map<AssetDatabase::ImporterID, ImporterInfo, core::hash<AssetDatabase::ImporterID>, std::__1::equal_to<AssetDatabase::ImporterID>> const&, core::vector<PostprocessorInfo, 0ul> const&, AssetResolveTracker const&, ImportAssetInputs const&, ImportAssetOutputs&, IImportProgress*)
 #36 AssetImportWorker::Import(AssetResolver&, ImportAssetInputs const&, WorkerImportResponse&, IImportProgress*, bool*)
 #37 invocation function for block in AssetImportWorkerClient::HandleMessage(ImportRequestMessage const&)::$_5::operator()() const
 #38 _dispatch_client_callout
 #39 _dispatch_async_and_wait_invoke
 #40 _dispatch_client_callout
 #41 _dispatch_main_queue_drain
 #42 _dispatch_main_queue_callback_4CF
 #43 __CFRUNLOOP_IS_SERVICING_THE_MAIN_DISPATCH_QUEUE__
 #44 __CFRunLoopRun
 #45 CFRunLoopRunSpecific
 #46 RunCurrentEventLoopInMode
 #47 ReceiveNextEventCommon
 #48 _BlockUntilNextEventMatchingListInModeWithFilter
 #49 _DPSNextEvent
 #50 -[NSApplication(NSEventRouting) _nextEventMatchingEventMask:untilDate:inMode:dequeue:]
 #51 -[NSApplication run]
 #52 NSApplicationMain
 #53 EditorMain(int, char const**)
 #54 main
 #55 start

 -> (artifact id: '7f9eeec73d6461e30ab358994074a415') in 0.044872 seconds
Number of updated asset objects reloaded before import = 0
Number of asset objects unloaded after import = 64
========================================================================
Received Import Request.
  Time since last request: 4.011322 seconds.
  path: Assets/character/Player.prefab
  artifactKey: Guid(98b82b6b6eab04b22a0b02bfff8a233d) Importer(815301076,1909f56bfc062723c751e8b465ee728b)
Start importing Assets/character/Player.prefab using Guid(98b82b6b6eab04b22a0b02bfff8a233d) Importer(815301076,1909f56bfc062723c751e8b465ee728b) State "idle" in Controller "player" uses parameter "" which does not exist.
 #0 GetStacktrace(int)
 #1 DebugStringToFile(DebugStringToFileData const&)
 #2 AnimatorController::ValidateParameters()
 #3 AnimatorController::BuildAsset()
 #4 AnimatorController::GetAnimationSetBindings()
 #5 AnimatorControllerPlayable::GenerateGraph()
 #6 AnimatorControllerPlayable::SetAnimatorController(RuntimeAnimatorController*)
 #7 Animator::CreateInternalControllerPlayable()
 #8 Animator::AddToManager()
 #9 Animator::AwakeFromLoad(AwakeFromLoadMode)
 #10 AwakeFromLoadQueue::InvokeAwakeFromLoad(AwakeFromLoadQueue::Item*, unsigned int, AwakeFromLoadMode)
 #11 AwakeFromLoadQueue::AwakeFromLoadAllQueues(AwakeFromLoadMode, bool)
 #12 AwakeAndActivateClonedObjects(Object**, vector_map<int, int, std::__1::less<int>, stl_allocator<std::__1::pair<int, int>, (MemLabelIdentifier)1, 16>> const&)
 #13 InstantiateObjectRemoveAllNonAnimationComponents(Object&, Vector3f const&, Quaternionf const&)
 #14 EditorUtility_CUSTOM_Internal_InstantiateRemoveAllNonAnimationComponentsSingle_Injected(ScriptingBackendNativeObjectPtrOpaque*, Vector3f const&, Quaternionf const&)
 #15  (Mono JIT Code) (wrapper managed-to-native) UnityEditor.EditorUtility:Internal_InstantiateRemoveAllNonAnimationComponentsSingle_Injected (UnityEngine.Object,UnityEngine.Vector3&,UnityEngine.Quaternion&)
 #16  (Mono JIT Code) UnityEditor.EditorUtility:Internal_InstantiateRemoveAllNonAnimationComponentsSingle (UnityEngine.Object,UnityEngine.Vector3,UnityEngine.Quaternion)
 #17  (Mono JIT Code) [EditorUtility.cs:662] UnityEditor.EditorUtility:InstantiateRemoveAllNonAnimationComponents (UnityEngine.Object,UnityEngine.Vector3,UnityEngine.Quaternion)
 #18  (Mono JIT Code) [EditorUtility.cs:628] UnityEditor.EditorUtility:InstantiateForAnimatorPreview (UnityEngine.Object)
 #19  (Mono JIT Code) [GameObjectInspector.cs:129] UnityEditor.GameObjectInspector/PreviewData:UpdateGameObject (UnityEngine.Object)
 #20  (Mono JIT Code) [GameObjectInspector.cs:123] UnityEditor.GameObjectInspector/PreviewData:.ctor (UnityEngine.Object,bool)
 #21  (Mono JIT Code) [GameObjectInspector.cs:956] UnityEditor.GameObjectInspector:GetPreviewData (bool)
 #22  (Mono JIT Code) [GameObjectInspector.cs:1165] UnityEditor.GameObjectInspector:RenderStaticPreview (string,UnityEngine.Object[],int,int)
 #23  (Mono JIT Code) [AssetPreviewUpdater.cs:43] UnityEditor.AssetPreviewUpdater:CreatePreview (UnityEngine.Object,UnityEngine.Object[],string,int,int)
 #24  (Mono JIT Code) [AssetPreviewUpdater.cs:11] UnityEditor.AssetPreviewUpdater:CreatePreviewForAsset (UnityEngine.Object,UnityEngine.Object[],string)
 #25  (Mono JIT Code) (wrapper runtime-invoke) <Module>:runtime_invoke_object_object_object_object (object,intptr,intptr,intptr)
 #26 mono_jit_runtime_invoke
 #27 do_runtime_invoke
 #28 mono_runtime_invoke
 #29 scripting_method_invoke(ScriptingMethodPtr, ScriptingObjectPtr, ScriptingArguments&, ScriptingExceptionPtr*, bool)
 #30 ScriptingInvocation::Invoke(ScriptingExceptionPtr*, bool)
 #31 MonoCreateAssetPreview(Object*, core::vector<Object*, 0ul> const&, core::basic_string<char, core::StringStorageDefault<char>> const&)
 #32 PreviewImporter::GenerateAssetData(AssetImportContext&)
 #33 ImportToObjects(core::basic_string<char, core::StringStorageDefault<char>> const&, core::hash_map<AssetDatabase::ImporterID, ImporterInfo, core::hash<AssetDatabase::ImporterID>, std::__1::equal_to<AssetDatabase::ImporterID>> const&, core::vector<PostprocessorInfo, 0ul> const&, AssetResolveTracker const&, ImportAssetInputs const&, ImportAssetOutputs&, IImportProgress*)
 #34 ImportAsset(core::hash_map<AssetDatabase::ImporterID, ImporterInfo, core::hash<AssetDatabase::ImporterID>, std::__1::equal_to<AssetDatabase::ImporterID>> const&, core::vector<PostprocessorInfo, 0ul> const&, AssetResolveTracker const&, ImportAssetInputs const&, ImportAssetOutputs&, IImportProgress*)
 #35 ImportAssetWithAutoReleasePool(core::hash_map<AssetDatabase::ImporterID, ImporterInfo, core::hash<AssetDatabase::ImporterID>, std::__1::equal_to<AssetDatabase::ImporterID>> const&, core::vector<PostprocessorInfo, 0ul> const&, AssetResolveTracker const&, ImportAssetInputs const&, ImportAssetOutputs&, IImportProgress*)
 #36 AssetImportWorker::Import(AssetResolver&, ImportAssetInputs const&, WorkerImportResponse&, IImportProgress*, bool*)
 #37 invocation function for block in AssetImportWorkerClient::HandleMessage(ImportRequestMessage const&)::$_5::operator()() const
 #38 _dispatch_client_callout
 #39 _dispatch_async_and_wait_invoke
 #40 _dispatch_client_callout
 #41 _dispatch_main_queue_drain
 #42 _dispatch_main_queue_callback_4CF
 #43 __CFRUNLOOP_IS_SERVICING_THE_MAIN_DISPATCH_QUEUE__
 #44 __CFRunLoopRun
 #45 CFRunLoopRunSpecific
 #46 RunCurrentEventLoopInMode
 #47 ReceiveNextEventCommon
 #48 _BlockUntilNextEventMatchingListInModeWithFilter
 #49 _DPSNextEvent
 #50 -[NSApplication(NSEventRouting) _nextEventMatchingEventMask:untilDate:inMode:dequeue:]
 #51 -[NSApplication run]
 #52 NSApplicationMain
 #53 EditorMain(int, char const**)
 #54 main
 #55 start

 -> (artifact id: 'dca8a34819be1895dc9dc6d77a2044e9') in 0.040960 seconds
Number of updated asset objects reloaded before import = 0
Number of asset objects unloaded after import = 64
========================================================================
Received Import Request.
  Time since last request: 8.104135 seconds.
  path: Assets/character/Player.prefab
  artifactKey: Guid(98b82b6b6eab04b22a0b02bfff8a233d) Importer(815301076,1909f56bfc062723c751e8b465ee728b)
Start importing Assets/character/Player.prefab using Guid(98b82b6b6eab04b22a0b02bfff8a233d) Importer(815301076,1909f56bfc062723c751e8b465ee728b) State "idle" in Controller "player" uses parameter "" which does not exist.
 #0 GetStacktrace(int)
 #1 DebugStringToFile(DebugStringToFileData const&)
 #2 AnimatorController::ValidateParameters()
 #3 AnimatorController::BuildAsset()
 #4 AnimatorController::GetAnimationSetBindings()
 #5 AnimatorControllerPlayable::GenerateGraph()
 #6 AnimatorControllerPlayable::SetAnimatorController(RuntimeAnimatorController*)
 #7 Animator::CreateInternalControllerPlayable()
 #8 Animator::AddToManager()
 #9 Animator::AwakeFromLoad(AwakeFromLoadMode)
 #10 AwakeFromLoadQueue::InvokeAwakeFromLoad(AwakeFromLoadQueue::Item*, unsigned int, AwakeFromLoadMode)
 #11 AwakeFromLoadQueue::AwakeFromLoadAllQueues(AwakeFromLoadMode, bool)
 #12 AwakeAndActivateClonedObjects(Object**, vector_map<int, int, std::__1::less<int>, stl_allocator<std::__1::pair<int, int>, (MemLabelIdentifier)1, 16>> const&)
 #13 InstantiateObjectRemoveAllNonAnimationComponents(Object&, Vector3f const&, Quaternionf const&)
 #14 EditorUtility_CUSTOM_Internal_InstantiateRemoveAllNonAnimationComponentsSingle_Injected(ScriptingBackendNativeObjectPtrOpaque*, Vector3f const&, Quaternionf const&)
 #15  (Mono JIT Code) (wrapper managed-to-native) UnityEditor.EditorUtility:Internal_InstantiateRemoveAllNonAnimationComponentsSingle_Injected (UnityEngine.Object,UnityEngine.Vector3&,UnityEngine.Quaternion&)
 #16  (Mono JIT Code) UnityEditor.EditorUtility:Internal_InstantiateRemoveAllNonAnimationComponentsSingle (UnityEngine.Object,UnityEngine.Vector3,UnityEngine.Quaternion)
 #17  (Mono JIT Code) [EditorUtility.cs:662] UnityEditor.EditorUtility:InstantiateRemoveAllNonAnimationComponents (UnityEngine.Object,UnityEngine.Vector3,UnityEngine.Quaternion)
 #18  (Mono JIT Code) [EditorUtility.cs:628] UnityEditor.EditorUtility:InstantiateForAnimatorPreview (UnityEngine.Object)
 #19  (Mono JIT Code) [GameObjectInspector.cs:129] UnityEditor.GameObjectInspector/PreviewData:UpdateGameObject (UnityEngine.Object)
 #20  (Mono JIT Code) [GameObjectInspector.cs:123] UnityEditor.GameObjectInspector/PreviewData:.ctor (UnityEngine.Object,bool)
 #21  (Mono JIT Code) [GameObjectInspector.cs:956] UnityEditor.GameObjectInspector:GetPreviewData (bool)
 #22  (Mono JIT Code) [GameObjectInspector.cs:1165] UnityEditor.GameObjectInspector:RenderStaticPreview (string,UnityEngine.Object[],int,int)
 #23  (Mono JIT Code) [AssetPreviewUpdater.cs:43] UnityEditor.AssetPreviewUpdater:CreatePreview (UnityEngine.Object,UnityEngine.Object[],string,int,int)
 #24  (Mono JIT Code) [AssetPreviewUpdater.cs:11] UnityEditor.AssetPreviewUpdater:CreatePreviewForAsset (UnityEngine.Object,UnityEngine.Object[],string)
 #25  (Mono JIT Code) (wrapper runtime-invoke) <Module>:runtime_invoke_object_object_object_object (object,intptr,intptr,intptr)
 #26 mono_jit_runtime_invoke
 #27 do_runtime_invoke
 #28 mono_runtime_invoke
 #29 scripting_method_invoke(ScriptingMethodPtr, ScriptingObjectPtr, ScriptingArguments&, ScriptingExceptionPtr*, bool)
 #30 ScriptingInvocation::Invoke(ScriptingExceptionPtr*, bool)
 #31 MonoCreateAssetPreview(Object*, core::vector<Object*, 0ul> const&, core::basic_string<char, core::StringStorageDefault<char>> const&)
 #32 PreviewImporter::GenerateAssetData(AssetImportContext&)
 #33 ImportToObjects(core::basic_string<char, core::StringStorageDefault<char>> const&, core::hash_map<AssetDatabase::ImporterID, ImporterInfo, core::hash<AssetDatabase::ImporterID>, std::__1::equal_to<AssetDatabase::ImporterID>> const&, core::vector<PostprocessorInfo, 0ul> const&, AssetResolveTracker const&, ImportAssetInputs const&, ImportAssetOutputs&, IImportProgress*)
 #34 ImportAsset(core::hash_map<AssetDatabase::ImporterID, ImporterInfo, core::hash<AssetDatabase::ImporterID>, std::__1::equal_to<AssetDatabase::ImporterID>> const&, core::vector<PostprocessorInfo, 0ul> const&, AssetResolveTracker const&, ImportAssetInputs const&, ImportAssetOutputs&, IImportProgress*)
 #35 ImportAssetWithAutoReleasePool(core::hash_map<AssetDatabase::ImporterID, ImporterInfo, core::hash<AssetDatabase::ImporterID>, std::__1::equal_to<AssetDatabase::ImporterID>> const&, core::vector<PostprocessorInfo, 0ul> const&, AssetResolveTracker const&, ImportAssetInputs const&, ImportAssetOutputs&, IImportProgress*)
 #36 AssetImportWorker::Import(AssetResolver&, ImportAssetInputs const&, WorkerImportResponse&, IImportProgress*, bool*)
 #37 invocation function for block in AssetImportWorkerClient::HandleMessage(ImportRequestMessage const&)::$_5::operator()() const
 #38 _dispatch_client_callout
 #39 _dispatch_async_and_wait_invoke
 #40 _dispatch_client_callout
 #41 _dispatch_main_queue_drain
 #42 _dispatch_main_queue_callback_4CF
 #43 __CFRUNLOOP_IS_SERVICING_THE_MAIN_DISPATCH_QUEUE__
 #44 __CFRunLoopRun
 #45 CFRunLoopRunSpecific
 #46 RunCurrentEventLoopInMode
 #47 ReceiveNextEventCommon
 #48 _BlockUntilNextEventMatchingListInModeWithFilter
 #49 _DPSNextEvent
 #50 -[NSApplication(NSEventRouting) _nextEventMatchingEventMask:untilDate:inMode:dequeue:]
 #51 -[NSApplication run]
 #52 NSApplicationMain
 #53 EditorMain(int, char const**)
 #54 main
 #55 start

 -> (artifact id: '1161129cf619b6a23d35ee1639430a2f') in 0.082002 seconds
Number of updated asset objects reloaded before import = 0
Number of asset objects unloaded after import = 65
========================================================================
Received Import Request.
  Time since last request: 10.832621 seconds.
  path: Assets/character/Player.prefab
  artifactKey: Guid(98b82b6b6eab04b22a0b02bfff8a233d) Importer(815301076,1909f56bfc062723c751e8b465ee728b)
Start importing Assets/character/Player.prefab using Guid(98b82b6b6eab04b22a0b02bfff8a233d) Importer(815301076,1909f56bfc062723c751e8b465ee728b) State "idle" in Controller "player" uses parameter "" which does not exist.
 #0 GetStacktrace(int)
 #1 DebugStringToFile(DebugStringToFileData const&)
 #2 AnimatorController::ValidateParameters()
 #3 AnimatorController::BuildAsset()
 #4 AnimatorController::GetAnimationSetBindings()
 #5 AnimatorControllerPlayable::GenerateGraph()
 #6 AnimatorControllerPlayable::SetAnimatorController(RuntimeAnimatorController*)
 #7 Animator::CreateInternalControllerPlayable()
 #8 Animator::AddToManager()
 #9 Animator::AwakeFromLoad(AwakeFromLoadMode)
 #10 AwakeFromLoadQueue::InvokeAwakeFromLoad(AwakeFromLoadQueue::Item*, unsigned int, AwakeFromLoadMode)
 #11 AwakeFromLoadQueue::AwakeFromLoadAllQueues(AwakeFromLoadMode, bool)
 #12 AwakeAndActivateClonedObjects(Object**, vector_map<int, int, std::__1::less<int>, stl_allocator<std::__1::pair<int, int>, (MemLabelIdentifier)1, 16>> const&)
 #13 InstantiateObjectRemoveAllNonAnimationComponents(Object&, Vector3f const&, Quaternionf const&)
 #14 EditorUtility_CUSTOM_Internal_InstantiateRemoveAllNonAnimationComponentsSingle_Injected(ScriptingBackendNativeObjectPtrOpaque*, Vector3f const&, Quaternionf const&)
 #15  (Mono JIT Code) (wrapper managed-to-native) UnityEditor.EditorUtility:Internal_InstantiateRemoveAllNonAnimationComponentsSingle_Injected (UnityEngine.Object,UnityEngine.Vector3&,UnityEngine.Quaternion&)
 #16  (Mono JIT Code) UnityEditor.EditorUtility:Internal_InstantiateRemoveAllNonAnimationComponentsSingle (UnityEngine.Object,UnityEngine.Vector3,UnityEngine.Quaternion)
 #17  (Mono JIT Code) [EditorUtility.cs:662] UnityEditor.EditorUtility:InstantiateRemoveAllNonAnimationComponents (UnityEngine.Object,UnityEngine.Vector3,UnityEngine.Quaternion)
 #18  (Mono JIT Code) [EditorUtility.cs:628] UnityEditor.EditorUtility:InstantiateForAnimatorPreview (UnityEngine.Object)
 #19  (Mono JIT Code) [GameObjectInspector.cs:129] UnityEditor.GameObjectInspector/PreviewData:UpdateGameObject (UnityEngine.Object)
 #20  (Mono JIT Code) [GameObjectInspector.cs:123] UnityEditor.GameObjectInspector/PreviewData:.ctor (UnityEngine.Object,bool)
 #21  (Mono JIT Code) [GameObjectInspector.cs:956] UnityEditor.GameObjectInspector:GetPreviewData (bool)
 #22  (Mono JIT Code) [GameObjectInspector.cs:1165] UnityEditor.GameObjectInspector:RenderStaticPreview (string,UnityEngine.Object[],int,int)
 #23  (Mono JIT Code) [AssetPreviewUpdater.cs:43] UnityEditor.AssetPreviewUpdater:CreatePreview (UnityEngine.Object,UnityEngine.Object[],string,int,int)
 #24  (Mono JIT Code) [AssetPreviewUpdater.cs:11] UnityEditor.AssetPreviewUpdater:CreatePreviewForAsset (UnityEngine.Object,UnityEngine.Object[],string)
 #25  (Mono JIT Code) (wrapper runtime-invoke) <Module>:runtime_invoke_object_object_object_object (object,intptr,intptr,intptr)
 #26 mono_jit_runtime_invoke
 #27 do_runtime_invoke
 #28 mono_runtime_invoke
 #29 scripting_method_invoke(ScriptingMethodPtr, ScriptingObjectPtr, ScriptingArguments&, ScriptingExceptionPtr*, bool)
 #30 ScriptingInvocation::Invoke(ScriptingExceptionPtr*, bool)
 #31 MonoCreateAssetPreview(Object*, core::vector<Object*, 0ul> const&, core::basic_string<char, core::StringStorageDefault<char>> const&)
 #32 PreviewImporter::GenerateAssetData(AssetImportContext&)
 #33 ImportToObjects(core::basic_string<char, core::StringStorageDefault<char>> const&, core::hash_map<AssetDatabase::ImporterID, ImporterInfo, core::hash<AssetDatabase::ImporterID>, std::__1::equal_to<AssetDatabase::ImporterID>> const&, core::vector<PostprocessorInfo, 0ul> const&, AssetResolveTracker const&, ImportAssetInputs const&, ImportAssetOutputs&, IImportProgress*)
 #34 ImportAsset(core::hash_map<AssetDatabase::ImporterID, ImporterInfo, core::hash<AssetDatabase::ImporterID>, std::__1::equal_to<AssetDatabase::ImporterID>> const&, core::vector<PostprocessorInfo, 0ul> const&, AssetResolveTracker const&, ImportAssetInputs const&, ImportAssetOutputs&, IImportProgress*)
 #35 ImportAssetWithAutoReleasePool(core::hash_map<AssetDatabase::ImporterID, ImporterInfo, core::hash<AssetDatabase::ImporterID>, std::__1::equal_to<AssetDatabase::ImporterID>> const&, core::vector<PostprocessorInfo, 0ul> const&, AssetResolveTracker const&, ImportAssetInputs const&, ImportAssetOutputs&, IImportProgress*)
 #36 AssetImportWorker::Import(AssetResolver&, ImportAssetInputs const&, WorkerImportResponse&, IImportProgress*, bool*)
 #37 invocation function for block in AssetImportWorkerClient::HandleMessage(ImportRequestMessage const&)::$_5::operator()() const
 #38 _dispatch_client_callout
 #39 _dispatch_async_and_wait_invoke
 #40 _dispatch_client_callout
 #41 _dispatch_main_queue_drain
 #42 _dispatch_main_queue_callback_4CF
 #43 __CFRUNLOOP_IS_SERVICING_THE_MAIN_DISPATCH_QUEUE__
 #44 __CFRunLoopRun
 #45 CFRunLoopRunSpecific
 #46 RunCurrentEventLoopInMode
 #47 ReceiveNextEventCommon
 #48 _BlockUntilNextEventMatchingListInModeWithFilter
 #49 _DPSNextEvent
 #50 -[NSApplication(NSEventRouting) _nextEventMatchingEventMask:untilDate:inMode:dequeue:]
 #51 -[NSApplication run]
 #52 NSApplicationMain
 #53 EditorMain(int, char const**)
 #54 main
 #55 start

 -> (artifact id: 'af1801694cec618546dfd055811c9cc9') in 0.040183 seconds
Number of updated asset objects reloaded before import = 0
Number of asset objects unloaded after import = 65
========================================================================
Received Import Request.
  Time since last request: 3.986506 seconds.
  path: Assets/character/Player.prefab
  artifactKey: Guid(98b82b6b6eab04b22a0b02bfff8a233d) Importer(815301076,1909f56bfc062723c751e8b465ee728b)
Start importing Assets/character/Player.prefab using Guid(98b82b6b6eab04b22a0b02bfff8a233d) Importer(815301076,1909f56bfc062723c751e8b465ee728b) State "idle" in Controller "player" uses parameter "" which does not exist.
 #0 GetStacktrace(int)
 #1 DebugStringToFile(DebugStringToFileData const&)
 #2 AnimatorController::ValidateParameters()
 #3 AnimatorController::BuildAsset()
 #4 AnimatorController::GetAnimationSetBindings()
 #5 AnimatorControllerPlayable::GenerateGraph()
 #6 AnimatorControllerPlayable::SetAnimatorController(RuntimeAnimatorController*)
 #7 Animator::CreateInternalControllerPlayable()
 #8 Animator::AddToManager()
 #9 Animator::AwakeFromLoad(AwakeFromLoadMode)
 #10 AwakeFromLoadQueue::InvokeAwakeFromLoad(AwakeFromLoadQueue::Item*, unsigned int, AwakeFromLoadMode)
 #11 AwakeFromLoadQueue::AwakeFromLoadAllQueues(AwakeFromLoadMode, bool)
 #12 AwakeAndActivateClonedObjects(Object**, vector_map<int, int, std::__1::less<int>, stl_allocator<std::__1::pair<int, int>, (MemLabelIdentifier)1, 16>> const&)
 #13 InstantiateObjectRemoveAllNonAnimationComponents(Object&, Vector3f const&, Quaternionf const&)
 #14 EditorUtility_CUSTOM_Internal_InstantiateRemoveAllNonAnimationComponentsSingle_Injected(ScriptingBackendNativeObjectPtrOpaque*, Vector3f const&, Quaternionf const&)
 #15  (Mono JIT Code) (wrapper managed-to-native) UnityEditor.EditorUtility:Internal_InstantiateRemoveAllNonAnimationComponentsSingle_Injected (UnityEngine.Object,UnityEngine.Vector3&,UnityEngine.Quaternion&)
 #16  (Mono JIT Code) UnityEditor.EditorUtility:Internal_InstantiateRemoveAllNonAnimationComponentsSingle (UnityEngine.Object,UnityEngine.Vector3,UnityEngine.Quaternion)
 #17  (Mono JIT Code) [EditorUtility.cs:662] UnityEditor.EditorUtility:InstantiateRemoveAllNonAnimationComponents (UnityEngine.Object,UnityEngine.Vector3,UnityEngine.Quaternion)
 #18  (Mono JIT Code) [EditorUtility.cs:628] UnityEditor.EditorUtility:InstantiateForAnimatorPreview (UnityEngine.Object)
 #19  (Mono JIT Code) [GameObjectInspector.cs:129] UnityEditor.GameObjectInspector/PreviewData:UpdateGameObject (UnityEngine.Object)
 #20  (Mono JIT Code) [GameObjectInspector.cs:123] UnityEditor.GameObjectInspector/PreviewData:.ctor (UnityEngine.Object,bool)
 #21  (Mono JIT Code) [GameObjectInspector.cs:956] UnityEditor.GameObjectInspector:GetPreviewData (bool)
 #22  (Mono JIT Code) [GameObjectInspector.cs:1165] UnityEditor.GameObjectInspector:RenderStaticPreview (string,UnityEngine.Object[],int,int)
 #23  (Mono JIT Code) [AssetPreviewUpdater.cs:43] UnityEditor.AssetPreviewUpdater:CreatePreview (UnityEngine.Object,UnityEngine.Object[],string,int,int)
 #24  (Mono JIT Code) [AssetPreviewUpdater.cs:11] UnityEditor.AssetPreviewUpdater:CreatePreviewForAsset (UnityEngine.Object,UnityEngine.Object[],string)
 #25  (Mono JIT Code) (wrapper runtime-invoke) <Module>:runtime_invoke_object_object_object_object (object,intptr,intptr,intptr)
 #26 mono_jit_runtime_invoke
 #27 do_runtime_invoke
 #28 mono_runtime_invoke
 #29 scripting_method_invoke(ScriptingMethodPtr, ScriptingObjectPtr, ScriptingArguments&, ScriptingExceptionPtr*, bool)
 #30 ScriptingInvocation::Invoke(ScriptingExceptionPtr*, bool)
 #31 MonoCreateAssetPreview(Object*, core::vector<Object*, 0ul> const&, core::basic_string<char, core::StringStorageDefault<char>> const&)
 #32 PreviewImporter::GenerateAssetData(AssetImportContext&)
 #33 ImportToObjects(core::basic_string<char, core::StringStorageDefault<char>> const&, core::hash_map<AssetDatabase::ImporterID, ImporterInfo, core::hash<AssetDatabase::ImporterID>, std::__1::equal_to<AssetDatabase::ImporterID>> const&, core::vector<PostprocessorInfo, 0ul> const&, AssetResolveTracker const&, ImportAssetInputs const&, ImportAssetOutputs&, IImportProgress*)
 #34 ImportAsset(core::hash_map<AssetDatabase::ImporterID, ImporterInfo, core::hash<AssetDatabase::ImporterID>, std::__1::equal_to<AssetDatabase::ImporterID>> const&, core::vector<PostprocessorInfo, 0ul> const&, AssetResolveTracker const&, ImportAssetInputs const&, ImportAssetOutputs&, IImportProgress*)
 #35 ImportAssetWithAutoReleasePool(core::hash_map<AssetDatabase::ImporterID, ImporterInfo, core::hash<AssetDatabase::ImporterID>, std::__1::equal_to<AssetDatabase::ImporterID>> const&, core::vector<PostprocessorInfo, 0ul> const&, AssetResolveTracker const&, ImportAssetInputs const&, ImportAssetOutputs&, IImportProgress*)
 #36 AssetImportWorker::Import(AssetResolver&, ImportAssetInputs const&, WorkerImportResponse&, IImportProgress*, bool*)
 #37 invocation function for block in AssetImportWorkerClient::HandleMessage(ImportRequestMessage const&)::$_5::operator()() const
 #38 _dispatch_client_callout
 #39 _dispatch_async_and_wait_invoke
 #40 _dispatch_client_callout
 #41 _dispatch_main_queue_drain
 #42 _dispatch_main_queue_callback_4CF
 #43 __CFRUNLOOP_IS_SERVICING_THE_MAIN_DISPATCH_QUEUE__
 #44 __CFRunLoopRun
 #45 CFRunLoopRunSpecific
 #46 RunCurrentEventLoopInMode
 #47 ReceiveNextEventCommon
 #48 _BlockUntilNextEventMatchingListInModeWithFilter
 #49 _DPSNextEvent
 #50 -[NSApplication(NSEventRouting) _nextEventMatchingEventMask:untilDate:inMode:dequeue:]
 #51 -[NSApplication run]
 #52 NSApplicationMain
 #53 EditorMain(int, char const**)
 #54 main
 #55 start

 -> (artifact id: '45ab93745c1d359d12e56809e841b09e') in 0.048665 seconds
Number of updated asset objects reloaded before import = 0
Number of asset objects unloaded after import = 65
========================================================================
Received Import Request.
  Time since last request: 5.409379 seconds.
  path: Assets/character/Player.prefab
  artifactKey: Guid(98b82b6b6eab04b22a0b02bfff8a233d) Importer(815301076,1909f56bfc062723c751e8b465ee728b)
Start importing Assets/character/Player.prefab using Guid(98b82b6b6eab04b22a0b02bfff8a233d) Importer(815301076,1909f56bfc062723c751e8b465ee728b) State "idle" in Controller "player" uses parameter "" which does not exist.
 #0 GetStacktrace(int)
 #1 DebugStringToFile(DebugStringToFileData const&)
 #2 AnimatorController::ValidateParameters()
 #3 AnimatorController::BuildAsset()
 #4 AnimatorController::GetAnimationSetBindings()
 #5 AnimatorControllerPlayable::GenerateGraph()
 #6 AnimatorControllerPlayable::SetAnimatorController(RuntimeAnimatorController*)
 #7 Animator::CreateInternalControllerPlayable()
 #8 Animator::AddToManager()
 #9 Animator::AwakeFromLoad(AwakeFromLoadMode)
 #10 AwakeFromLoadQueue::InvokeAwakeFromLoad(AwakeFromLoadQueue::Item*, unsigned int, AwakeFromLoadMode)
 #11 AwakeFromLoadQueue::AwakeFromLoadAllQueues(AwakeFromLoadMode, bool)
 #12 AwakeAndActivateClonedObjects(Object**, vector_map<int, int, std::__1::less<int>, stl_allocator<std::__1::pair<int, int>, (MemLabelIdentifier)1, 16>> const&)
 #13 InstantiateObjectRemoveAllNonAnimationComponents(Object&, Vector3f const&, Quaternionf const&)
 #14 EditorUtility_CUSTOM_Internal_InstantiateRemoveAllNonAnimationComponentsSingle_Injected(ScriptingBackendNativeObjectPtrOpaque*, Vector3f const&, Quaternionf const&)
 #15  (Mono JIT Code) (wrapper managed-to-native) UnityEditor.EditorUtility:Internal_InstantiateRemoveAllNonAnimationComponentsSingle_Injected (UnityEngine.Object,UnityEngine.Vector3&,UnityEngine.Quaternion&)
 #16  (Mono JIT Code) UnityEditor.EditorUtility:Internal_InstantiateRemoveAllNonAnimationComponentsSingle (UnityEngine.Object,UnityEngine.Vector3,UnityEngine.Quaternion)
 #17  (Mono JIT Code) [EditorUtility.cs:662] UnityEditor.EditorUtility:InstantiateRemoveAllNonAnimationComponents (UnityEngine.Object,UnityEngine.Vector3,UnityEngine.Quaternion)
 #18  (Mono JIT Code) [EditorUtility.cs:628] UnityEditor.EditorUtility:InstantiateForAnimatorPreview (UnityEngine.Object)
 #19  (Mono JIT Code) [GameObjectInspector.cs:129] UnityEditor.GameObjectInspector/PreviewData:UpdateGameObject (UnityEngine.Object)
 #20  (Mono JIT Code) [GameObjectInspector.cs:123] UnityEditor.GameObjectInspector/PreviewData:.ctor (UnityEngine.Object,bool)
 #21  (Mono JIT Code) [GameObjectInspector.cs:956] UnityEditor.GameObjectInspector:GetPreviewData (bool)
 #22  (Mono JIT Code) [GameObjectInspector.cs:1165] UnityEditor.GameObjectInspector:RenderStaticPreview (string,UnityEngine.Object[],int,int)
 #23  (Mono JIT Code) [AssetPreviewUpdater.cs:43] UnityEditor.AssetPreviewUpdater:CreatePreview (UnityEngine.Object,UnityEngine.Object[],string,int,int)
 #24  (Mono JIT Code) [AssetPreviewUpdater.cs:11] UnityEditor.AssetPreviewUpdater:CreatePreviewForAsset (UnityEngine.Object,UnityEngine.Object[],string)
 #25  (Mono JIT Code) (wrapper runtime-invoke) <Module>:runtime_invoke_object_object_object_object (object,intptr,intptr,intptr)
 #26 mono_jit_runtime_invoke
 #27 do_runtime_invoke
 #28 mono_runtime_invoke
 #29 scripting_method_invoke(ScriptingMethodPtr, ScriptingObjectPtr, ScriptingArguments&, ScriptingExceptionPtr*, bool)
 #30 ScriptingInvocation::Invoke(ScriptingExceptionPtr*, bool)
 #31 MonoCreateAssetPreview(Object*, core::vector<Object*, 0ul> const&, core::basic_string<char, core::StringStorageDefault<char>> const&)
 #32 PreviewImporter::GenerateAssetData(AssetImportContext&)
 #33 ImportToObjects(core::basic_string<char, core::StringStorageDefault<char>> const&, core::hash_map<AssetDatabase::ImporterID, ImporterInfo, core::hash<AssetDatabase::ImporterID>, std::__1::equal_to<AssetDatabase::ImporterID>> const&, core::vector<PostprocessorInfo, 0ul> const&, AssetResolveTracker const&, ImportAssetInputs const&, ImportAssetOutputs&, IImportProgress*)
 #34 ImportAsset(core::hash_map<AssetDatabase::ImporterID, ImporterInfo, core::hash<AssetDatabase::ImporterID>, std::__1::equal_to<AssetDatabase::ImporterID>> const&, core::vector<PostprocessorInfo, 0ul> const&, AssetResolveTracker const&, ImportAssetInputs const&, ImportAssetOutputs&, IImportProgress*)
 #35 ImportAssetWithAutoReleasePool(core::hash_map<AssetDatabase::ImporterID, ImporterInfo, core::hash<AssetDatabase::ImporterID>, std::__1::equal_to<AssetDatabase::ImporterID>> const&, core::vector<PostprocessorInfo, 0ul> const&, AssetResolveTracker const&, ImportAssetInputs const&, ImportAssetOutputs&, IImportProgress*)
 #36 AssetImportWorker::Import(AssetResolver&, ImportAssetInputs const&, WorkerImportResponse&, IImportProgress*, bool*)
 #37 invocation function for block in AssetImportWorkerClient::HandleMessage(ImportRequestMessage const&)::$_5::operator()() const
 #38 _dispatch_client_callout
 #39 _dispatch_async_and_wait_invoke
 #40 _dispatch_client_callout
 #41 _dispatch_main_queue_drain
 #42 _dispatch_main_queue_callback_4CF
 #43 __CFRUNLOOP_IS_SERVICING_THE_MAIN_DISPATCH_QUEUE__
 #44 __CFRunLoopRun
 #45 CFRunLoopRunSpecific
 #46 RunCurrentEventLoopInMode
 #47 ReceiveNextEventCommon
 #48 _BlockUntilNextEventMatchingListInModeWithFilter
 #49 _DPSNextEvent
 #50 -[NSApplication(NSEventRouting) _nextEventMatchingEventMask:untilDate:inMode:dequeue:]
 #51 -[NSApplication run]
 #52 NSApplicationMain
 #53 EditorMain(int, char const**)
 #54 main
 #55 start

 -> (artifact id: 'e1dd53b77d45ce8e4e9810c396e1ec97') in 0.040597 seconds
Number of updated asset objects reloaded before import = 0
Number of asset objects unloaded after import = 65
========================================================================
Received Import Request.
  Time since last request: 3.997021 seconds.
  path: Assets/character/Player.prefab
  artifactKey: Guid(98b82b6b6eab04b22a0b02bfff8a233d) Importer(815301076,1909f56bfc062723c751e8b465ee728b)
Start importing Assets/character/Player.prefab using Guid(98b82b6b6eab04b22a0b02bfff8a233d) Importer(815301076,1909f56bfc062723c751e8b465ee728b) State "idle" in Controller "player" uses parameter "" which does not exist.
 #0 GetStacktrace(int)
 #1 DebugStringToFile(DebugStringToFileData const&)
 #2 AnimatorController::ValidateParameters()
 #3 AnimatorController::BuildAsset()
 #4 AnimatorController::GetAnimationSetBindings()
 #5 AnimatorControllerPlayable::GenerateGraph()
 #6 AnimatorControllerPlayable::SetAnimatorController(RuntimeAnimatorController*)
 #7 Animator::CreateInternalControllerPlayable()
 #8 Animator::AddToManager()
 #9 Animator::AwakeFromLoad(AwakeFromLoadMode)
 #10 AwakeFromLoadQueue::InvokeAwakeFromLoad(AwakeFromLoadQueue::Item*, unsigned int, AwakeFromLoadMode)
 #11 AwakeFromLoadQueue::AwakeFromLoadAllQueues(AwakeFromLoadMode, bool)
 #12 AwakeAndActivateClonedObjects(Object**, vector_map<int, int, std::__1::less<int>, stl_allocator<std::__1::pair<int, int>, (MemLabelIdentifier)1, 16>> const&)
 #13 InstantiateObjectRemoveAllNonAnimationComponents(Object&, Vector3f const&, Quaternionf const&)
 #14 EditorUtility_CUSTOM_Internal_InstantiateRemoveAllNonAnimationComponentsSingle_Injected(ScriptingBackendNativeObjectPtrOpaque*, Vector3f const&, Quaternionf const&)
 #15  (Mono JIT Code) (wrapper managed-to-native) UnityEditor.EditorUtility:Internal_InstantiateRemoveAllNonAnimationComponentsSingle_Injected (UnityEngine.Object,UnityEngine.Vector3&,UnityEngine.Quaternion&)
 #16  (Mono JIT Code) UnityEditor.EditorUtility:Internal_InstantiateRemoveAllNonAnimationComponentsSingle (UnityEngine.Object,UnityEngine.Vector3,UnityEngine.Quaternion)
 #17  (Mono JIT Code) [EditorUtility.cs:662] UnityEditor.EditorUtility:InstantiateRemoveAllNonAnimationComponents (UnityEngine.Object,UnityEngine.Vector3,UnityEngine.Quaternion)
 #18  (Mono JIT Code) [EditorUtility.cs:628] UnityEditor.EditorUtility:InstantiateForAnimatorPreview (UnityEngine.Object)
 #19  (Mono JIT Code) [GameObjectInspector.cs:129] UnityEditor.GameObjectInspector/PreviewData:UpdateGameObject (UnityEngine.Object)
 #20  (Mono JIT Code) [GameObjectInspector.cs:123] UnityEditor.GameObjectInspector/PreviewData:.ctor (UnityEngine.Object,bool)
 #21  (Mono JIT Code) [GameObjectInspector.cs:956] UnityEditor.GameObjectInspector:GetPreviewData (bool)
 #22  (Mono JIT Code) [GameObjectInspector.cs:1165] UnityEditor.GameObjectInspector:RenderStaticPreview (string,UnityEngine.Object[],int,int)
 #23  (Mono JIT Code) [AssetPreviewUpdater.cs:43] UnityEditor.AssetPreviewUpdater:CreatePreview (UnityEngine.Object,UnityEngine.Object[],string,int,int)
 #24  (Mono JIT Code) [AssetPreviewUpdater.cs:11] UnityEditor.AssetPreviewUpdater:CreatePreviewForAsset (UnityEngine.Object,UnityEngine.Object[],string)
 #25  (Mono JIT Code) (wrapper runtime-invoke) <Module>:runtime_invoke_object_object_object_object (object,intptr,intptr,intptr)
 #26 mono_jit_runtime_invoke
 #27 do_runtime_invoke
 #28 mono_runtime_invoke
 #29 scripting_method_invoke(ScriptingMethodPtr, ScriptingObjectPtr, ScriptingArguments&, ScriptingExceptionPtr*, bool)
 #30 ScriptingInvocation::Invoke(ScriptingExceptionPtr*, bool)
 #31 MonoCreateAssetPreview(Object*, core::vector<Object*, 0ul> const&, core::basic_string<char, core::StringStorageDefault<char>> const&)
 #32 PreviewImporter::GenerateAssetData(AssetImportContext&)
 #33 ImportToObjects(core::basic_string<char, core::StringStorageDefault<char>> const&, core::hash_map<AssetDatabase::ImporterID, ImporterInfo, core::hash<AssetDatabase::ImporterID>, std::__1::equal_to<AssetDatabase::ImporterID>> const&, core::vector<PostprocessorInfo, 0ul> const&, AssetResolveTracker const&, ImportAssetInputs const&, ImportAssetOutputs&, IImportProgress*)
 #34 ImportAsset(core::hash_map<AssetDatabase::ImporterID, ImporterInfo, core::hash<AssetDatabase::ImporterID>, std::__1::equal_to<AssetDatabase::ImporterID>> const&, core::vector<PostprocessorInfo, 0ul> const&, AssetResolveTracker const&, ImportAssetInputs const&, ImportAssetOutputs&, IImportProgress*)
 #35 ImportAssetWithAutoReleasePool(core::hash_map<AssetDatabase::ImporterID, ImporterInfo, core::hash<AssetDatabase::ImporterID>, std::__1::equal_to<AssetDatabase::ImporterID>> const&, core::vector<PostprocessorInfo, 0ul> const&, AssetResolveTracker const&, ImportAssetInputs const&, ImportAssetOutputs&, IImportProgress*)
 #36 AssetImportWorker::Import(AssetResolver&, ImportAssetInputs const&, WorkerImportResponse&, IImportProgress*, bool*)
 #37 invocation function for block in AssetImportWorkerClient::HandleMessage(ImportRequestMessage const&)::$_5::operator()() const
 #38 _dispatch_client_callout
 #39 _dispatch_async_and_wait_invoke
 #40 _dispatch_client_callout
 #41 _dispatch_main_queue_drain
 #42 _dispatch_main_queue_callback_4CF
 #43 __CFRUNLOOP_IS_SERVICING_THE_MAIN_DISPATCH_QUEUE__
 #44 __CFRunLoopRun
 #45 CFRunLoopRunSpecific
 #46 RunCurrentEventLoopInMode
 #47 ReceiveNextEventCommon
 #48 _BlockUntilNextEventMatchingListInModeWithFilter
 #49 _DPSNextEvent
 #50 -[NSApplication(NSEventRouting) _nextEventMatchingEventMask:untilDate:inMode:dequeue:]
 #51 -[NSApplication run]
 #52 NSApplicationMain
 #53 EditorMain(int, char const**)
 #54 main
 #55 start

 -> (artifact id: 'eda45f18681d2ce17148ff3563d89d2d') in 0.040841 seconds
Number of updated asset objects reloaded before import = 0
Number of asset objects unloaded after import = 65
========================================================================
Received Import Request.
  Time since last request: 5.208296 seconds.
  path: Assets/character/Player.prefab
  artifactKey: Guid(98b82b6b6eab04b22a0b02bfff8a233d) Importer(815301076,1909f56bfc062723c751e8b465ee728b)
Start importing Assets/character/Player.prefab using Guid(98b82b6b6eab04b22a0b02bfff8a233d) Importer(815301076,1909f56bfc062723c751e8b465ee728b) State "idle" in Controller "player" uses parameter "" which does not exist.
 #0 GetStacktrace(int)
 #1 DebugStringToFile(DebugStringToFileData const&)
 #2 AnimatorController::ValidateParameters()
 #3 AnimatorController::BuildAsset()
 #4 AnimatorController::GetAnimationSetBindings()
 #5 AnimatorControllerPlayable::GenerateGraph()
 #6 AnimatorControllerPlayable::SetAnimatorController(RuntimeAnimatorController*)
 #7 Animator::CreateInternalControllerPlayable()
 #8 Animator::AddToManager()
 #9 Animator::AwakeFromLoad(AwakeFromLoadMode)
 #10 AwakeFromLoadQueue::InvokeAwakeFromLoad(AwakeFromLoadQueue::Item*, unsigned int, AwakeFromLoadMode)
 #11 AwakeFromLoadQueue::AwakeFromLoadAllQueues(AwakeFromLoadMode, bool)
 #12 AwakeAndActivateClonedObjects(Object**, vector_map<int, int, std::__1::less<int>, stl_allocator<std::__1::pair<int, int>, (MemLabelIdentifier)1, 16>> const&)
 #13 InstantiateObjectRemoveAllNonAnimationComponents(Object&, Vector3f const&, Quaternionf const&)
 #14 EditorUtility_CUSTOM_Internal_InstantiateRemoveAllNonAnimationComponentsSingle_Injected(ScriptingBackendNativeObjectPtrOpaque*, Vector3f const&, Quaternionf const&)
 #15  (Mono JIT Code) (wrapper managed-to-native) UnityEditor.EditorUtility:Internal_InstantiateRemoveAllNonAnimationComponentsSingle_Injected (UnityEngine.Object,UnityEngine.Vector3&,UnityEngine.Quaternion&)
 #16  (Mono JIT Code) UnityEditor.EditorUtility:Internal_InstantiateRemoveAllNonAnimationComponentsSingle (UnityEngine.Object,UnityEngine.Vector3,UnityEngine.Quaternion)
 #17  (Mono JIT Code) [EditorUtility.cs:662] UnityEditor.EditorUtility:InstantiateRemoveAllNonAnimationComponents (UnityEngine.Object,UnityEngine.Vector3,UnityEngine.Quaternion)
 #18  (Mono JIT Code) [EditorUtility.cs:628] UnityEditor.EditorUtility:InstantiateForAnimatorPreview (UnityEngine.Object)
 #19  (Mono JIT Code) [GameObjectInspector.cs:129] UnityEditor.GameObjectInspector/PreviewData:UpdateGameObject (UnityEngine.Object)
 #20  (Mono JIT Code) [GameObjectInspector.cs:123] UnityEditor.GameObjectInspector/PreviewData:.ctor (UnityEngine.Object,bool)
 #21  (Mono JIT Code) [GameObjectInspector.cs:956] UnityEditor.GameObjectInspector:GetPreviewData (bool)
 #22  (Mono JIT Code) [GameObjectInspector.cs:1165] UnityEditor.GameObjectInspector:RenderStaticPreview (string,UnityEngine.Object[],int,int)
 #23  (Mono JIT Code) [AssetPreviewUpdater.cs:43] UnityEditor.AssetPreviewUpdater:CreatePreview (UnityEngine.Object,UnityEngine.Object[],string,int,int)
 #24  (Mono JIT Code) [AssetPreviewUpdater.cs:11] UnityEditor.AssetPreviewUpdater:CreatePreviewForAsset (UnityEngine.Object,UnityEngine.Object[],string)
 #25  (Mono JIT Code) (wrapper runtime-invoke) <Module>:runtime_invoke_object_object_object_object (object,intptr,intptr,intptr)
 #26 mono_jit_runtime_invoke
 #27 do_runtime_invoke
 #28 mono_runtime_invoke
 #29 scripting_method_invoke(ScriptingMethodPtr, ScriptingObjectPtr, ScriptingArguments&, ScriptingExceptionPtr*, bool)
 #30 ScriptingInvocation::Invoke(ScriptingExceptionPtr*, bool)
 #31 MonoCreateAssetPreview(Object*, core::vector<Object*, 0ul> const&, core::basic_string<char, core::StringStorageDefault<char>> const&)
 #32 PreviewImporter::GenerateAssetData(AssetImportContext&)
 #33 ImportToObjects(core::basic_string<char, core::StringStorageDefault<char>> const&, core::hash_map<AssetDatabase::ImporterID, ImporterInfo, core::hash<AssetDatabase::ImporterID>, std::__1::equal_to<AssetDatabase::ImporterID>> const&, core::vector<PostprocessorInfo, 0ul> const&, AssetResolveTracker const&, ImportAssetInputs const&, ImportAssetOutputs&, IImportProgress*)
 #34 ImportAsset(core::hash_map<AssetDatabase::ImporterID, ImporterInfo, core::hash<AssetDatabase::ImporterID>, std::__1::equal_to<AssetDatabase::ImporterID>> const&, core::vector<PostprocessorInfo, 0ul> const&, AssetResolveTracker const&, ImportAssetInputs const&, ImportAssetOutputs&, IImportProgress*)
 #35 ImportAssetWithAutoReleasePool(core::hash_map<AssetDatabase::ImporterID, ImporterInfo, core::hash<AssetDatabase::ImporterID>, std::__1::equal_to<AssetDatabase::ImporterID>> const&, core::vector<PostprocessorInfo, 0ul> const&, AssetResolveTracker const&, ImportAssetInputs const&, ImportAssetOutputs&, IImportProgress*)
 #36 AssetImportWorker::Import(AssetResolver&, ImportAssetInputs const&, WorkerImportResponse&, IImportProgress*, bool*)
 #37 invocation function for block in AssetImportWorkerClient::HandleMessage(ImportRequestMessage const&)::$_5::operator()() const
 #38 _dispatch_client_callout
 #39 _dispatch_async_and_wait_invoke
 #40 _dispatch_client_callout
 #41 _dispatch_main_queue_drain
 #42 _dispatch_main_queue_callback_4CF
 #43 __CFRUNLOOP_IS_SERVICING_THE_MAIN_DISPATCH_QUEUE__
 #44 __CFRunLoopRun
 #45 CFRunLoopRunSpecific
 #46 RunCurrentEventLoopInMode
 #47 ReceiveNextEventCommon
 #48 _BlockUntilNextEventMatchingListInModeWithFilter
 #49 _DPSNextEvent
 #50 -[NSApplication(NSEventRouting) _nextEventMatchingEventMask:untilDate:inMode:dequeue:]
 #51 -[NSApplication run]
 #52 NSApplicationMain
 #53 EditorMain(int, char const**)
 #54 main
 #55 start

 -> (artifact id: '1e359ed46be7574b9f9860981a6a452a') in 0.045485 seconds
Number of updated asset objects reloaded before import = 0
Number of asset objects unloaded after import = 65
========================================================================
Received Import Request.
  Time since last request: 4.013940 seconds.
  path: Assets/character/Player.prefab
  artifactKey: Guid(98b82b6b6eab04b22a0b02bfff8a233d) Importer(815301076,1909f56bfc062723c751e8b465ee728b)
Start importing Assets/character/Player.prefab using Guid(98b82b6b6eab04b22a0b02bfff8a233d) Importer(815301076,1909f56bfc062723c751e8b465ee728b) State "idle" in Controller "player" uses parameter "" which does not exist.
 #0 GetStacktrace(int)
 #1 DebugStringToFile(DebugStringToFileData const&)
 #2 AnimatorController::ValidateParameters()
 #3 AnimatorController::BuildAsset()
 #4 AnimatorController::GetAnimationSetBindings()
 #5 AnimatorControllerPlayable::GenerateGraph()
 #6 AnimatorControllerPlayable::SetAnimatorController(RuntimeAnimatorController*)
 #7 Animator::CreateInternalControllerPlayable()
 #8 Animator::AddToManager()
 #9 Animator::AwakeFromLoad(AwakeFromLoadMode)
 #10 AwakeFromLoadQueue::InvokeAwakeFromLoad(AwakeFromLoadQueue::Item*, unsigned int, AwakeFromLoadMode)
 #11 AwakeFromLoadQueue::AwakeFromLoadAllQueues(AwakeFromLoadMode, bool)
 #12 AwakeAndActivateClonedObjects(Object**, vector_map<int, int, std::__1::less<int>, stl_allocator<std::__1::pair<int, int>, (MemLabelIdentifier)1, 16>> const&)
 #13 InstantiateObjectRemoveAllNonAnimationComponents(Object&, Vector3f const&, Quaternionf const&)
 #14 EditorUtility_CUSTOM_Internal_InstantiateRemoveAllNonAnimationComponentsSingle_Injected(ScriptingBackendNativeObjectPtrOpaque*, Vector3f const&, Quaternionf const&)
 #15  (Mono JIT Code) (wrapper managed-to-native) UnityEditor.EditorUtility:Internal_InstantiateRemoveAllNonAnimationComponentsSingle_Injected (UnityEngine.Object,UnityEngine.Vector3&,UnityEngine.Quaternion&)
 #16  (Mono JIT Code) UnityEditor.EditorUtility:Internal_InstantiateRemoveAllNonAnimationComponentsSingle (UnityEngine.Object,UnityEngine.Vector3,UnityEngine.Quaternion)
 #17  (Mono JIT Code) [EditorUtility.cs:662] UnityEditor.EditorUtility:InstantiateRemoveAllNonAnimationComponents (UnityEngine.Object,UnityEngine.Vector3,UnityEngine.Quaternion)
 #18  (Mono JIT Code) [EditorUtility.cs:628] UnityEditor.EditorUtility:InstantiateForAnimatorPreview (UnityEngine.Object)
 #19  (Mono JIT Code) [GameObjectInspector.cs:129] UnityEditor.GameObjectInspector/PreviewData:UpdateGameObject (UnityEngine.Object)
 #20  (Mono JIT Code) [GameObjectInspector.cs:123] UnityEditor.GameObjectInspector/PreviewData:.ctor (UnityEngine.Object,bool)
 #21  (Mono JIT Code) [GameObjectInspector.cs:956] UnityEditor.GameObjectInspector:GetPreviewData (bool)
 #22  (Mono JIT Code) [GameObjectInspector.cs:1165] UnityEditor.GameObjectInspector:RenderStaticPreview (string,UnityEngine.Object[],int,int)
 #23  (Mono JIT Code) [AssetPreviewUpdater.cs:43] UnityEditor.AssetPreviewUpdater:CreatePreview (UnityEngine.Object,UnityEngine.Object[],string,int,int)
 #24  (Mono JIT Code) [AssetPreviewUpdater.cs:11] UnityEditor.AssetPreviewUpdater:CreatePreviewForAsset (UnityEngine.Object,UnityEngine.Object[],string)
 #25  (Mono JIT Code) (wrapper runtime-invoke) <Module>:runtime_invoke_object_object_object_object (object,intptr,intptr,intptr)
 #26 mono_jit_runtime_invoke
 #27 do_runtime_invoke
 #28 mono_runtime_invoke
 #29 scripting_method_invoke(ScriptingMethodPtr, ScriptingObjectPtr, ScriptingArguments&, ScriptingExceptionPtr*, bool)
 #30 ScriptingInvocation::Invoke(ScriptingExceptionPtr*, bool)
 #31 MonoCreateAssetPreview(Object*, core::vector<Object*, 0ul> const&, core::basic_string<char, core::StringStorageDefault<char>> const&)
 #32 PreviewImporter::GenerateAssetData(AssetImportContext&)
 #33 ImportToObjects(core::basic_string<char, core::StringStorageDefault<char>> const&, core::hash_map<AssetDatabase::ImporterID, ImporterInfo, core::hash<AssetDatabase::ImporterID>, std::__1::equal_to<AssetDatabase::ImporterID>> const&, core::vector<PostprocessorInfo, 0ul> const&, AssetResolveTracker const&, ImportAssetInputs const&, ImportAssetOutputs&, IImportProgress*)
 #34 ImportAsset(core::hash_map<AssetDatabase::ImporterID, ImporterInfo, core::hash<AssetDatabase::ImporterID>, std::__1::equal_to<AssetDatabase::ImporterID>> const&, core::vector<PostprocessorInfo, 0ul> const&, AssetResolveTracker const&, ImportAssetInputs const&, ImportAssetOutputs&, IImportProgress*)
 #35 ImportAssetWithAutoReleasePool(core::hash_map<AssetDatabase::ImporterID, ImporterInfo, core::hash<AssetDatabase::ImporterID>, std::__1::equal_to<AssetDatabase::ImporterID>> const&, core::vector<PostprocessorInfo, 0ul> const&, AssetResolveTracker const&, ImportAssetInputs const&, ImportAssetOutputs&, IImportProgress*)
 #36 AssetImportWorker::Import(AssetResolver&, ImportAssetInputs const&, WorkerImportResponse&, IImportProgress*, bool*)
 #37 invocation function for block in AssetImportWorkerClient::HandleMessage(ImportRequestMessage const&)::$_5::operator()() const
 #38 _dispatch_client_callout
 #39 _dispatch_async_and_wait_invoke
 #40 _dispatch_client_callout
 #41 _dispatch_main_queue_drain
 #42 _dispatch_main_queue_callback_4CF
 #43 __CFRUNLOOP_IS_SERVICING_THE_MAIN_DISPATCH_QUEUE__
 #44 __CFRunLoopRun
 #45 CFRunLoopRunSpecific
 #46 RunCurrentEventLoopInMode
 #47 ReceiveNextEventCommon
 #48 _BlockUntilNextEventMatchingListInModeWithFilter
 #49 _DPSNextEvent
 #50 -[NSApplication(NSEventRouting) _nextEventMatchingEventMask:untilDate:inMode:dequeue:]
 #51 -[NSApplication run]
 #52 NSApplicationMain
 #53 EditorMain(int, char const**)
 #54 main
 #55 start

 -> (artifact id: '129d4fb6f41b4a0e15b8c64aea11b8ca') in 0.049039 seconds
Number of updated asset objects reloaded before import = 0
Number of asset objects unloaded after import = 65
========================================================================
Received Import Request.
  Time since last request: 6.220016 seconds.
  path: Assets/character/Player.prefab
  artifactKey: Guid(98b82b6b6eab04b22a0b02bfff8a233d) Importer(815301076,1909f56bfc062723c751e8b465ee728b)
Start importing Assets/character/Player.prefab using Guid(98b82b6b6eab04b22a0b02bfff8a233d) Importer(815301076,1909f56bfc062723c751e8b465ee728b) State "idle" in Controller "player" uses parameter "" which does not exist.
 #0 GetStacktrace(int)
 #1 DebugStringToFile(DebugStringToFileData const&)
 #2 AnimatorController::ValidateParameters()
 #3 AnimatorController::BuildAsset()
 #4 AnimatorController::GetAnimationSetBindings()
 #5 AnimatorControllerPlayable::GenerateGraph()
 #6 AnimatorControllerPlayable::SetAnimatorController(RuntimeAnimatorController*)
 #7 Animator::CreateInternalControllerPlayable()
 #8 Animator::AddToManager()
 #9 Animator::AwakeFromLoad(AwakeFromLoadMode)
 #10 AwakeFromLoadQueue::InvokeAwakeFromLoad(AwakeFromLoadQueue::Item*, unsigned int, AwakeFromLoadMode)
 #11 AwakeFromLoadQueue::AwakeFromLoadAllQueues(AwakeFromLoadMode, bool)
 #12 AwakeAndActivateClonedObjects(Object**, vector_map<int, int, std::__1::less<int>, stl_allocator<std::__1::pair<int, int>, (MemLabelIdentifier)1, 16>> const&)
 #13 InstantiateObjectRemoveAllNonAnimationComponents(Object&, Vector3f const&, Quaternionf const&)
 #14 EditorUtility_CUSTOM_Internal_InstantiateRemoveAllNonAnimationComponentsSingle_Injected(ScriptingBackendNativeObjectPtrOpaque*, Vector3f const&, Quaternionf const&)
 #15  (Mono JIT Code) (wrapper managed-to-native) UnityEditor.EditorUtility:Internal_InstantiateRemoveAllNonAnimationComponentsSingle_Injected (UnityEngine.Object,UnityEngine.Vector3&,UnityEngine.Quaternion&)
 #16  (Mono JIT Code) UnityEditor.EditorUtility:Internal_InstantiateRemoveAllNonAnimationComponentsSingle (UnityEngine.Object,UnityEngine.Vector3,UnityEngine.Quaternion)
 #17  (Mono JIT Code) [EditorUtility.cs:662] UnityEditor.EditorUtility:InstantiateRemoveAllNonAnimationComponents (UnityEngine.Object,UnityEngine.Vector3,UnityEngine.Quaternion)
 #18  (Mono JIT Code) [EditorUtility.cs:628] UnityEditor.EditorUtility:InstantiateForAnimatorPreview (UnityEngine.Object)
 #19  (Mono JIT Code) [GameObjectInspector.cs:129] UnityEditor.GameObjectInspector/PreviewData:UpdateGameObject (UnityEngine.Object)
 #20  (Mono JIT Code) [GameObjectInspector.cs:123] UnityEditor.GameObjectInspector/PreviewData:.ctor (UnityEngine.Object,bool)
 #21  (Mono JIT Code) [GameObjectInspector.cs:956] UnityEditor.GameObjectInspector:GetPreviewData (bool)
 #22  (Mono JIT Code) [GameObjectInspector.cs:1165] UnityEditor.GameObjectInspector:RenderStaticPreview (string,UnityEngine.Object[],int,int)
 #23  (Mono JIT Code) [AssetPreviewUpdater.cs:43] UnityEditor.AssetPreviewUpdater:CreatePreview (UnityEngine.Object,UnityEngine.Object[],string,int,int)
 #24  (Mono JIT Code) [AssetPreviewUpdater.cs:11] UnityEditor.AssetPreviewUpdater:CreatePreviewForAsset (UnityEngine.Object,UnityEngine.Object[],string)
 #25  (Mono JIT Code) (wrapper runtime-invoke) <Module>:runtime_invoke_object_object_object_object (object,intptr,intptr,intptr)
 #26 mono_jit_runtime_invoke
 #27 do_runtime_invoke
 #28 mono_runtime_invoke
 #29 scripting_method_invoke(ScriptingMethodPtr, ScriptingObjectPtr, ScriptingArguments&, ScriptingExceptionPtr*, bool)
 #30 ScriptingInvocation::Invoke(ScriptingExceptionPtr*, bool)
 #31 MonoCreateAssetPreview(Object*, core::vector<Object*, 0ul> const&, core::basic_string<char, core::StringStorageDefault<char>> const&)
 #32 PreviewImporter::GenerateAssetData(AssetImportContext&)
 #33 ImportToObjects(core::basic_string<char, core::StringStorageDefault<char>> const&, core::hash_map<AssetDatabase::ImporterID, ImporterInfo, core::hash<AssetDatabase::ImporterID>, std::__1::equal_to<AssetDatabase::ImporterID>> const&, core::vector<PostprocessorInfo, 0ul> const&, AssetResolveTracker const&, ImportAssetInputs const&, ImportAssetOutputs&, IImportProgress*)
 #34 ImportAsset(core::hash_map<AssetDatabase::ImporterID, ImporterInfo, core::hash<AssetDatabase::ImporterID>, std::__1::equal_to<AssetDatabase::ImporterID>> const&, core::vector<PostprocessorInfo, 0ul> const&, AssetResolveTracker const&, ImportAssetInputs const&, ImportAssetOutputs&, IImportProgress*)
 #35 ImportAssetWithAutoReleasePool(core::hash_map<AssetDatabase::ImporterID, ImporterInfo, core::hash<AssetDatabase::ImporterID>, std::__1::equal_to<AssetDatabase::ImporterID>> const&, core::vector<PostprocessorInfo, 0ul> const&, AssetResolveTracker const&, ImportAssetInputs const&, ImportAssetOutputs&, IImportProgress*)
 #36 AssetImportWorker::Import(AssetResolver&, ImportAssetInputs const&, WorkerImportResponse&, IImportProgress*, bool*)
 #37 invocation function for block in AssetImportWorkerClient::HandleMessage(ImportRequestMessage const&)::$_5::operator()() const
 #38 _dispatch_client_callout
 #39 _dispatch_async_and_wait_invoke
 #40 _dispatch_client_callout
 #41 _dispatch_main_queue_drain
 #42 _dispatch_main_queue_callback_4CF
 #43 __CFRUNLOOP_IS_SERVICING_THE_MAIN_DISPATCH_QUEUE__
 #44 __CFRunLoopRun
 #45 CFRunLoopRunSpecific
 #46 RunCurrentEventLoopInMode
 #47 ReceiveNextEventCommon
 #48 _BlockUntilNextEventMatchingListInModeWithFilter
 #49 _DPSNextEvent
 #50 -[NSApplication(NSEventRouting) _nextEventMatchingEventMask:untilDate:inMode:dequeue:]
 #51 -[NSApplication run]
 #52 NSApplicationMain
 #53 EditorMain(int, char const**)
 #54 main
 #55 start

 -> (artifact id: '4571febbfd910cbd9fa171cc3e936d7e') in 0.082326 seconds
Number of updated asset objects reloaded before import = 0
Number of asset objects unloaded after import = 65
========================================================================
Received Import Request.
  Time since last request: 7.359003 seconds.
  path: Assets/character/Player.prefab
  artifactKey: Guid(98b82b6b6eab04b22a0b02bfff8a233d) Importer(815301076,1909f56bfc062723c751e8b465ee728b)
Start importing Assets/character/Player.prefab using Guid(98b82b6b6eab04b22a0b02bfff8a233d) Importer(815301076,1909f56bfc062723c751e8b465ee728b) State "idle" in Controller "player" uses parameter "" which does not exist.
 #0 GetStacktrace(int)
 #1 DebugStringToFile(DebugStringToFileData const&)
 #2 AnimatorController::ValidateParameters()
 #3 AnimatorController::BuildAsset()
 #4 AnimatorController::GetAnimationSetBindings()
 #5 AnimatorControllerPlayable::GenerateGraph()
 #6 AnimatorControllerPlayable::SetAnimatorController(RuntimeAnimatorController*)
 #7 Animator::CreateInternalControllerPlayable()
 #8 Animator::AddToManager()
 #9 Animator::AwakeFromLoad(AwakeFromLoadMode)
 #10 AwakeFromLoadQueue::InvokeAwakeFromLoad(AwakeFromLoadQueue::Item*, unsigned int, AwakeFromLoadMode)
 #11 AwakeFromLoadQueue::AwakeFromLoadAllQueues(AwakeFromLoadMode, bool)
 #12 AwakeAndActivateClonedObjects(Object**, vector_map<int, int, std::__1::less<int>, stl_allocator<std::__1::pair<int, int>, (MemLabelIdentifier)1, 16>> const&)
 #13 InstantiateObjectRemoveAllNonAnimationComponents(Object&, Vector3f const&, Quaternionf const&)
 #14 EditorUtility_CUSTOM_Internal_InstantiateRemoveAllNonAnimationComponentsSingle_Injected(ScriptingBackendNativeObjectPtrOpaque*, Vector3f const&, Quaternionf const&)
 #15  (Mono JIT Code) (wrapper managed-to-native) UnityEditor.EditorUtility:Internal_InstantiateRemoveAllNonAnimationComponentsSingle_Injected (UnityEngine.Object,UnityEngine.Vector3&,UnityEngine.Quaternion&)
 #16  (Mono JIT Code) UnityEditor.EditorUtility:Internal_InstantiateRemoveAllNonAnimationComponentsSingle (UnityEngine.Object,UnityEngine.Vector3,UnityEngine.Quaternion)
 #17  (Mono JIT Code) [EditorUtility.cs:662] UnityEditor.EditorUtility:InstantiateRemoveAllNonAnimationComponents (UnityEngine.Object,UnityEngine.Vector3,UnityEngine.Quaternion)
 #18  (Mono JIT Code) [EditorUtility.cs:628] UnityEditor.EditorUtility:InstantiateForAnimatorPreview (UnityEngine.Object)
 #19  (Mono JIT Code) [GameObjectInspector.cs:129] UnityEditor.GameObjectInspector/PreviewData:UpdateGameObject (UnityEngine.Object)
 #20  (Mono JIT Code) [GameObjectInspector.cs:123] UnityEditor.GameObjectInspector/PreviewData:.ctor (UnityEngine.Object,bool)
 #21  (Mono JIT Code) [GameObjectInspector.cs:956] UnityEditor.GameObjectInspector:GetPreviewData (bool)
 #22  (Mono JIT Code) [GameObjectInspector.cs:1165] UnityEditor.GameObjectInspector:RenderStaticPreview (string,UnityEngine.Object[],int,int)
 #23  (Mono JIT Code) [AssetPreviewUpdater.cs:43] UnityEditor.AssetPreviewUpdater:CreatePreview (UnityEngine.Object,UnityEngine.Object[],string,int,int)
 #24  (Mono JIT Code) [AssetPreviewUpdater.cs:11] UnityEditor.AssetPreviewUpdater:CreatePreviewForAsset (UnityEngine.Object,UnityEngine.Object[],string)
 #25  (Mono JIT Code) (wrapper runtime-invoke) <Module>:runtime_invoke_object_object_object_object (object,intptr,intptr,intptr)
 #26 mono_jit_runtime_invoke
 #27 do_runtime_invoke
 #28 mono_runtime_invoke
 #29 scripting_method_invoke(ScriptingMethodPtr, ScriptingObjectPtr, ScriptingArguments&, ScriptingExceptionPtr*, bool)
 #30 ScriptingInvocation::Invoke(ScriptingExceptionPtr*, bool)
 #31 MonoCreateAssetPreview(Object*, core::vector<Object*, 0ul> const&, core::basic_string<char, core::StringStorageDefault<char>> const&)
 #32 PreviewImporter::GenerateAssetData(AssetImportContext&)
 #33 ImportToObjects(core::basic_string<char, core::StringStorageDefault<char>> const&, core::hash_map<AssetDatabase::ImporterID, ImporterInfo, core::hash<AssetDatabase::ImporterID>, std::__1::equal_to<AssetDatabase::ImporterID>> const&, core::vector<PostprocessorInfo, 0ul> const&, AssetResolveTracker const&, ImportAssetInputs const&, ImportAssetOutputs&, IImportProgress*)
 #34 ImportAsset(core::hash_map<AssetDatabase::ImporterID, ImporterInfo, core::hash<AssetDatabase::ImporterID>, std::__1::equal_to<AssetDatabase::ImporterID>> const&, core::vector<PostprocessorInfo, 0ul> const&, AssetResolveTracker const&, ImportAssetInputs const&, ImportAssetOutputs&, IImportProgress*)
 #35 ImportAssetWithAutoReleasePool(core::hash_map<AssetDatabase::ImporterID, ImporterInfo, core::hash<AssetDatabase::ImporterID>, std::__1::equal_to<AssetDatabase::ImporterID>> const&, core::vector<PostprocessorInfo, 0ul> const&, AssetResolveTracker const&, ImportAssetInputs const&, ImportAssetOutputs&, IImportProgress*)
 #36 AssetImportWorker::Import(AssetResolver&, ImportAssetInputs const&, WorkerImportResponse&, IImportProgress*, bool*)
 #37 invocation function for block in AssetImportWorkerClient::HandleMessage(ImportRequestMessage const&)::$_5::operator()() const
 #38 _dispatch_client_callout
 #39 _dispatch_async_and_wait_invoke
 #40 _dispatch_client_callout
 #41 _dispatch_main_queue_drain
 #42 _dispatch_main_queue_callback_4CF
 #43 __CFRUNLOOP_IS_SERVICING_THE_MAIN_DISPATCH_QUEUE__
 #44 __CFRunLoopRun
 #45 CFRunLoopRunSpecific
 #46 RunCurrentEventLoopInMode
 #47 ReceiveNextEventCommon
 #48 _BlockUntilNextEventMatchingListInModeWithFilter
 #49 _DPSNextEvent
 #50 -[NSApplication(NSEventRouting) _nextEventMatchingEventMask:untilDate:inMode:dequeue:]
 #51 -[NSApplication run]
 #52 NSApplicationMain
 #53 EditorMain(int, char const**)
 #54 main
 #55 start

 -> (artifact id: 'ecea6442ec2090910c9aa6878f99f5a5') in 0.044066 seconds
Number of updated asset objects reloaded before import = 0
Number of asset objects unloaded after import = 65
========================================================================
Received Import Request.
  Time since last request: 7.017787 seconds.
  path: Assets/character/Player.prefab
  artifactKey: Guid(98b82b6b6eab04b22a0b02bfff8a233d) Importer(815301076,1909f56bfc062723c751e8b465ee728b)
Start importing Assets/character/Player.prefab using Guid(98b82b6b6eab04b22a0b02bfff8a233d) Importer(815301076,1909f56bfc062723c751e8b465ee728b) State "idle" in Controller "player" uses parameter "" which does not exist.
 #0 GetStacktrace(int)
 #1 DebugStringToFile(DebugStringToFileData const&)
 #2 AnimatorController::ValidateParameters()
 #3 AnimatorController::BuildAsset()
 #4 AnimatorController::GetAnimationSetBindings()
 #5 AnimatorControllerPlayable::GenerateGraph()
 #6 AnimatorControllerPlayable::SetAnimatorController(RuntimeAnimatorController*)
 #7 Animator::CreateInternalControllerPlayable()
 #8 Animator::AddToManager()
 #9 Animator::AwakeFromLoad(AwakeFromLoadMode)
 #10 AwakeFromLoadQueue::InvokeAwakeFromLoad(AwakeFromLoadQueue::Item*, unsigned int, AwakeFromLoadMode)
 #11 AwakeFromLoadQueue::AwakeFromLoadAllQueues(AwakeFromLoadMode, bool)
 #12 AwakeAndActivateClonedObjects(Object**, vector_map<int, int, std::__1::less<int>, stl_allocator<std::__1::pair<int, int>, (MemLabelIdentifier)1, 16>> const&)
 #13 InstantiateObjectRemoveAllNonAnimationComponents(Object&, Vector3f const&, Quaternionf const&)
 #14 EditorUtility_CUSTOM_Internal_InstantiateRemoveAllNonAnimationComponentsSingle_Injected(ScriptingBackendNativeObjectPtrOpaque*, Vector3f const&, Quaternionf const&)
 #15  (Mono JIT Code) (wrapper managed-to-native) UnityEditor.EditorUtility:Internal_InstantiateRemoveAllNonAnimationComponentsSingle_Injected (UnityEngine.Object,UnityEngine.Vector3&,UnityEngine.Quaternion&)
 #16  (Mono JIT Code) UnityEditor.EditorUtility:Internal_InstantiateRemoveAllNonAnimationComponentsSingle (UnityEngine.Object,UnityEngine.Vector3,UnityEngine.Quaternion)
 #17  (Mono JIT Code) [EditorUtility.cs:662] UnityEditor.EditorUtility:InstantiateRemoveAllNonAnimationComponents (UnityEngine.Object,UnityEngine.Vector3,UnityEngine.Quaternion)
 #18  (Mono JIT Code) [EditorUtility.cs:628] UnityEditor.EditorUtility:InstantiateForAnimatorPreview (UnityEngine.Object)
 #19  (Mono JIT Code) [GameObjectInspector.cs:129] UnityEditor.GameObjectInspector/PreviewData:UpdateGameObject (UnityEngine.Object)
 #20  (Mono JIT Code) [GameObjectInspector.cs:123] UnityEditor.GameObjectInspector/PreviewData:.ctor (UnityEngine.Object,bool)
 #21  (Mono JIT Code) [GameObjectInspector.cs:956] UnityEditor.GameObjectInspector:GetPreviewData (bool)
 #22  (Mono JIT Code) [GameObjectInspector.cs:1165] UnityEditor.GameObjectInspector:RenderStaticPreview (string,UnityEngine.Object[],int,int)
 #23  (Mono JIT Code) [AssetPreviewUpdater.cs:43] UnityEditor.AssetPreviewUpdater:CreatePreview (UnityEngine.Object,UnityEngine.Object[],string,int,int)
 #24  (Mono JIT Code) [AssetPreviewUpdater.cs:11] UnityEditor.AssetPreviewUpdater:CreatePreviewForAsset (UnityEngine.Object,UnityEngine.Object[],string)
 #25  (Mono JIT Code) (wrapper runtime-invoke) <Module>:runtime_invoke_object_object_object_object (object,intptr,intptr,intptr)
 #26 mono_jit_runtime_invoke
 #27 do_runtime_invoke
 #28 mono_runtime_invoke
 #29 scripting_method_invoke(ScriptingMethodPtr, ScriptingObjectPtr, ScriptingArguments&, ScriptingExceptionPtr*, bool)
 #30 ScriptingInvocation::Invoke(ScriptingExceptionPtr*, bool)
 #31 MonoCreateAssetPreview(Object*, core::vector<Object*, 0ul> const&, core::basic_string<char, core::StringStorageDefault<char>> const&)
 #32 PreviewImporter::GenerateAssetData(AssetImportContext&)
 #33 ImportToObjects(core::basic_string<char, core::StringStorageDefault<char>> const&, core::hash_map<AssetDatabase::ImporterID, ImporterInfo, core::hash<AssetDatabase::ImporterID>, std::__1::equal_to<AssetDatabase::ImporterID>> const&, core::vector<PostprocessorInfo, 0ul> const&, AssetResolveTracker const&, ImportAssetInputs const&, ImportAssetOutputs&, IImportProgress*)
 #34 ImportAsset(core::hash_map<AssetDatabase::ImporterID, ImporterInfo, core::hash<AssetDatabase::ImporterID>, std::__1::equal_to<AssetDatabase::ImporterID>> const&, core::vector<PostprocessorInfo, 0ul> const&, AssetResolveTracker const&, ImportAssetInputs const&, ImportAssetOutputs&, IImportProgress*)
 #35 ImportAssetWithAutoReleasePool(core::hash_map<AssetDatabase::ImporterID, ImporterInfo, core::hash<AssetDatabase::ImporterID>, std::__1::equal_to<AssetDatabase::ImporterID>> const&, core::vector<PostprocessorInfo, 0ul> const&, AssetResolveTracker const&, ImportAssetInputs const&, ImportAssetOutputs&, IImportProgress*)
 #36 AssetImportWorker::Import(AssetResolver&, ImportAssetInputs const&, WorkerImportResponse&, IImportProgress*, bool*)
 #37 invocation function for block in AssetImportWorkerClient::HandleMessage(ImportRequestMessage const&)::$_5::operator()() const
 #38 _dispatch_client_callout
 #39 _dispatch_async_and_wait_invoke
 #40 _dispatch_client_callout
 #41 _dispatch_main_queue_drain
 #42 _dispatch_main_queue_callback_4CF
 #43 __CFRUNLOOP_IS_SERVICING_THE_MAIN_DISPATCH_QUEUE__
 #44 __CFRunLoopRun
 #45 CFRunLoopRunSpecific
 #46 RunCurrentEventLoopInMode
 #47 ReceiveNextEventCommon
 #48 _BlockUntilNextEventMatchingListInModeWithFilter
 #49 _DPSNextEvent
 #50 -[NSApplication(NSEventRouting) _nextEventMatchingEventMask:untilDate:inMode:dequeue:]
 #51 -[NSApplication run]
 #52 NSApplicationMain
 #53 EditorMain(int, char const**)
 #54 main
 #55 start

 -> (artifact id: '9d72975f32ed7c218bd11c6237150242') in 0.040218 seconds
Number of updated asset objects reloaded before import = 0
Number of asset objects unloaded after import = 65
========================================================================
Received Import Request.
  Time since last request: 4.992519 seconds.
  path: Assets/character/Player.prefab
  artifactKey: Guid(98b82b6b6eab04b22a0b02bfff8a233d) Importer(815301076,1909f56bfc062723c751e8b465ee728b)
Start importing Assets/character/Player.prefab using Guid(98b82b6b6eab04b22a0b02bfff8a233d) Importer(815301076,1909f56bfc062723c751e8b465ee728b) State "idle" in Controller "player" uses parameter "" which does not exist.
 #0 GetStacktrace(int)
 #1 DebugStringToFile(DebugStringToFileData const&)
 #2 AnimatorController::ValidateParameters()
 #3 AnimatorController::BuildAsset()
 #4 AnimatorController::GetAnimationSetBindings()
 #5 AnimatorControllerPlayable::GenerateGraph()
 #6 AnimatorControllerPlayable::SetAnimatorController(RuntimeAnimatorController*)
 #7 Animator::CreateInternalControllerPlayable()
 #8 Animator::AddToManager()
 #9 Animator::AwakeFromLoad(AwakeFromLoadMode)
 #10 AwakeFromLoadQueue::InvokeAwakeFromLoad(AwakeFromLoadQueue::Item*, unsigned int, AwakeFromLoadMode)
 #11 AwakeFromLoadQueue::AwakeFromLoadAllQueues(AwakeFromLoadMode, bool)
 #12 AwakeAndActivateClonedObjects(Object**, vector_map<int, int, std::__1::less<int>, stl_allocator<std::__1::pair<int, int>, (MemLabelIdentifier)1, 16>> const&)
 #13 InstantiateObjectRemoveAllNonAnimationComponents(Object&, Vector3f const&, Quaternionf const&)
 #14 EditorUtility_CUSTOM_Internal_InstantiateRemoveAllNonAnimationComponentsSingle_Injected(ScriptingBackendNativeObjectPtrOpaque*, Vector3f const&, Quaternionf const&)
 #15  (Mono JIT Code) (wrapper managed-to-native) UnityEditor.EditorUtility:Internal_InstantiateRemoveAllNonAnimationComponentsSingle_Injected (UnityEngine.Object,UnityEngine.Vector3&,UnityEngine.Quaternion&)
 #16  (Mono JIT Code) UnityEditor.EditorUtility:Internal_InstantiateRemoveAllNonAnimationComponentsSingle (UnityEngine.Object,UnityEngine.Vector3,UnityEngine.Quaternion)
 #17  (Mono JIT Code) [EditorUtility.cs:662] UnityEditor.EditorUtility:InstantiateRemoveAllNonAnimationComponents (UnityEngine.Object,UnityEngine.Vector3,UnityEngine.Quaternion)
 #18  (Mono JIT Code) [EditorUtility.cs:628] UnityEditor.EditorUtility:InstantiateForAnimatorPreview (UnityEngine.Object)
 #19  (Mono JIT Code) [GameObjectInspector.cs:129] UnityEditor.GameObjectInspector/PreviewData:UpdateGameObject (UnityEngine.Object)
 #20  (Mono JIT Code) [GameObjectInspector.cs:123] UnityEditor.GameObjectInspector/PreviewData:.ctor (UnityEngine.Object,bool)
 #21  (Mono JIT Code) [GameObjectInspector.cs:956] UnityEditor.GameObjectInspector:GetPreviewData (bool)
 #22  (Mono JIT Code) [GameObjectInspector.cs:1165] UnityEditor.GameObjectInspector:RenderStaticPreview (string,UnityEngine.Object[],int,int)
 #23  (Mono JIT Code) [AssetPreviewUpdater.cs:43] UnityEditor.AssetPreviewUpdater:CreatePreview (UnityEngine.Object,UnityEngine.Object[],string,int,int)
 #24  (Mono JIT Code) [AssetPreviewUpdater.cs:11] UnityEditor.AssetPreviewUpdater:CreatePreviewForAsset (UnityEngine.Object,UnityEngine.Object[],string)
 #25  (Mono JIT Code) (wrapper runtime-invoke) <Module>:runtime_invoke_object_object_object_object (object,intptr,intptr,intptr)
 #26 mono_jit_runtime_invoke
 #27 do_runtime_invoke
 #28 mono_runtime_invoke
 #29 scripting_method_invoke(ScriptingMethodPtr, ScriptingObjectPtr, ScriptingArguments&, ScriptingExceptionPtr*, bool)
 #30 ScriptingInvocation::Invoke(ScriptingExceptionPtr*, bool)
 #31 MonoCreateAssetPreview(Object*, core::vector<Object*, 0ul> const&, core::basic_string<char, core::StringStorageDefault<char>> const&)
 #32 PreviewImporter::GenerateAssetData(AssetImportContext&)
 #33 ImportToObjects(core::basic_string<char, core::StringStorageDefault<char>> const&, core::hash_map<AssetDatabase::ImporterID, ImporterInfo, core::hash<AssetDatabase::ImporterID>, std::__1::equal_to<AssetDatabase::ImporterID>> const&, core::vector<PostprocessorInfo, 0ul> const&, AssetResolveTracker const&, ImportAssetInputs const&, ImportAssetOutputs&, IImportProgress*)
 #34 ImportAsset(core::hash_map<AssetDatabase::ImporterID, ImporterInfo, core::hash<AssetDatabase::ImporterID>, std::__1::equal_to<AssetDatabase::ImporterID>> const&, core::vector<PostprocessorInfo, 0ul> const&, AssetResolveTracker const&, ImportAssetInputs const&, ImportAssetOutputs&, IImportProgress*)
 #35 ImportAssetWithAutoReleasePool(core::hash_map<AssetDatabase::ImporterID, ImporterInfo, core::hash<AssetDatabase::ImporterID>, std::__1::equal_to<AssetDatabase::ImporterID>> const&, core::vector<PostprocessorInfo, 0ul> const&, AssetResolveTracker const&, ImportAssetInputs const&, ImportAssetOutputs&, IImportProgress*)
 #36 AssetImportWorker::Import(AssetResolver&, ImportAssetInputs const&, WorkerImportResponse&, IImportProgress*, bool*)
 #37 invocation function for block in AssetImportWorkerClient::HandleMessage(ImportRequestMessage const&)::$_5::operator()() const
 #38 _dispatch_client_callout
 #39 _dispatch_async_and_wait_invoke
 #40 _dispatch_client_callout
 #41 _dispatch_main_queue_drain
 #42 _dispatch_main_queue_callback_4CF
 #43 __CFRUNLOOP_IS_SERVICING_THE_MAIN_DISPATCH_QUEUE__
 #44 __CFRunLoopRun
 #45 CFRunLoopRunSpecific
 #46 RunCurrentEventLoopInMode
 #47 ReceiveNextEventCommon
 #48 _BlockUntilNextEventMatchingListInModeWithFilter
 #49 _DPSNextEvent
 #50 -[NSApplication(NSEventRouting) _nextEventMatchingEventMask:untilDate:inMode:dequeue:]
 #51 -[NSApplication run]
 #52 NSApplicationMain
 #53 EditorMain(int, char const**)
 #54 main
 #55 start

 -> (artifact id: '94d1723f59d46aa408c12e3451642143') in 0.046465 seconds
Number of updated asset objects reloaded before import = 0
Number of asset objects unloaded after import = 65
========================================================================
Received Import Request.
  Time since last request: 2.982818 seconds.
  path: Assets/character/Player.prefab
  artifactKey: Guid(98b82b6b6eab04b22a0b02bfff8a233d) Importer(815301076,1909f56bfc062723c751e8b465ee728b)
Start importing Assets/character/Player.prefab using Guid(98b82b6b6eab04b22a0b02bfff8a233d) Importer(815301076,1909f56bfc062723c751e8b465ee728b) State "idle" in Controller "player" uses parameter "" which does not exist.
 #0 GetStacktrace(int)
 #1 DebugStringToFile(DebugStringToFileData const&)
 #2 AnimatorController::ValidateParameters()
 #3 AnimatorController::BuildAsset()
 #4 AnimatorController::GetAnimationSetBindings()
 #5 AnimatorControllerPlayable::GenerateGraph()
 #6 AnimatorControllerPlayable::SetAnimatorController(RuntimeAnimatorController*)
 #7 Animator::CreateInternalControllerPlayable()
 #8 Animator::AddToManager()
 #9 Animator::AwakeFromLoad(AwakeFromLoadMode)
 #10 AwakeFromLoadQueue::InvokeAwakeFromLoad(AwakeFromLoadQueue::Item*, unsigned int, AwakeFromLoadMode)
 #11 AwakeFromLoadQueue::AwakeFromLoadAllQueues(AwakeFromLoadMode, bool)
 #12 AwakeAndActivateClonedObjects(Object**, vector_map<int, int, std::__1::less<int>, stl_allocator<std::__1::pair<int, int>, (MemLabelIdentifier)1, 16>> const&)
 #13 InstantiateObjectRemoveAllNonAnimationComponents(Object&, Vector3f const&, Quaternionf const&)
 #14 EditorUtility_CUSTOM_Internal_InstantiateRemoveAllNonAnimationComponentsSingle_Injected(ScriptingBackendNativeObjectPtrOpaque*, Vector3f const&, Quaternionf const&)
 #15  (Mono JIT Code) (wrapper managed-to-native) UnityEditor.EditorUtility:Internal_InstantiateRemoveAllNonAnimationComponentsSingle_Injected (UnityEngine.Object,UnityEngine.Vector3&,UnityEngine.Quaternion&)
 #16  (Mono JIT Code) UnityEditor.EditorUtility:Internal_InstantiateRemoveAllNonAnimationComponentsSingle (UnityEngine.Object,UnityEngine.Vector3,UnityEngine.Quaternion)
 #17  (Mono JIT Code) [EditorUtility.cs:662] UnityEditor.EditorUtility:InstantiateRemoveAllNonAnimationComponents (UnityEngine.Object,UnityEngine.Vector3,UnityEngine.Quaternion)
 #18  (Mono JIT Code) [EditorUtility.cs:628] UnityEditor.EditorUtility:InstantiateForAnimatorPreview (UnityEngine.Object)
 #19  (Mono JIT Code) [GameObjectInspector.cs:129] UnityEditor.GameObjectInspector/PreviewData:UpdateGameObject (UnityEngine.Object)
 #20  (Mono JIT Code) [GameObjectInspector.cs:123] UnityEditor.GameObjectInspector/PreviewData:.ctor (UnityEngine.Object,bool)
 #21  (Mono JIT Code) [GameObjectInspector.cs:956] UnityEditor.GameObjectInspector:GetPreviewData (bool)
 #22  (Mono JIT Code) [GameObjectInspector.cs:1165] UnityEditor.GameObjectInspector:RenderStaticPreview (string,UnityEngine.Object[],int,int)
 #23  (Mono JIT Code) [AssetPreviewUpdater.cs:43] UnityEditor.AssetPreviewUpdater:CreatePreview (UnityEngine.Object,UnityEngine.Object[],string,int,int)
 #24  (Mono JIT Code) [AssetPreviewUpdater.cs:11] UnityEditor.AssetPreviewUpdater:CreatePreviewForAsset (UnityEngine.Object,UnityEngine.Object[],string)
 #25  (Mono JIT Code) (wrapper runtime-invoke) <Module>:runtime_invoke_object_object_object_object (object,intptr,intptr,intptr)
 #26 mono_jit_runtime_invoke
 #27 do_runtime_invoke
 #28 mono_runtime_invoke
 #29 scripting_method_invoke(ScriptingMethodPtr, ScriptingObjectPtr, ScriptingArguments&, ScriptingExceptionPtr*, bool)
 #30 ScriptingInvocation::Invoke(ScriptingExceptionPtr*, bool)
 #31 MonoCreateAssetPreview(Object*, core::vector<Object*, 0ul> const&, core::basic_string<char, core::StringStorageDefault<char>> const&)
 #32 PreviewImporter::GenerateAssetData(AssetImportContext&)
 #33 ImportToObjects(core::basic_string<char, core::StringStorageDefault<char>> const&, core::hash_map<AssetDatabase::ImporterID, ImporterInfo, core::hash<AssetDatabase::ImporterID>, std::__1::equal_to<AssetDatabase::ImporterID>> const&, core::vector<PostprocessorInfo, 0ul> const&, AssetResolveTracker const&, ImportAssetInputs const&, ImportAssetOutputs&, IImportProgress*)
 #34 ImportAsset(core::hash_map<AssetDatabase::ImporterID, ImporterInfo, core::hash<AssetDatabase::ImporterID>, std::__1::equal_to<AssetDatabase::ImporterID>> const&, core::vector<PostprocessorInfo, 0ul> const&, AssetResolveTracker const&, ImportAssetInputs const&, ImportAssetOutputs&, IImportProgress*)
 #35 ImportAssetWithAutoReleasePool(core::hash_map<AssetDatabase::ImporterID, ImporterInfo, core::hash<AssetDatabase::ImporterID>, std::__1::equal_to<AssetDatabase::ImporterID>> const&, core::vector<PostprocessorInfo, 0ul> const&, AssetResolveTracker const&, ImportAssetInputs const&, ImportAssetOutputs&, IImportProgress*)
 #36 AssetImportWorker::Import(AssetResolver&, ImportAssetInputs const&, WorkerImportResponse&, IImportProgress*, bool*)
 #37 invocation function for block in AssetImportWorkerClient::HandleMessage(ImportRequestMessage const&)::$_5::operator()() const
 #38 _dispatch_client_callout
 #39 _dispatch_async_and_wait_invoke
 #40 _dispatch_client_callout
 #41 _dispatch_main_queue_drain
 #42 _dispatch_main_queue_callback_4CF
 #43 __CFRUNLOOP_IS_SERVICING_THE_MAIN_DISPATCH_QUEUE__
 #44 __CFRunLoopRun
 #45 CFRunLoopRunSpecific
 #46 RunCurrentEventLoopInMode
 #47 ReceiveNextEventCommon
 #48 _BlockUntilNextEventMatchingListInModeWithFilter
 #49 _DPSNextEvent
 #50 -[NSApplication(NSEventRouting) _nextEventMatchingEventMask:untilDate:inMode:dequeue:]
 #51 -[NSApplication run]
 #52 NSApplicationMain
 #53 EditorMain(int, char const**)
 #54 main
 #55 start

 -> (artifact id: '1ac4d28d1b728dd2330142bc1fd45d40') in 0.043684 seconds
Number of updated asset objects reloaded before import = 0
Number of asset objects unloaded after import = 65
========================================================================
Received Import Request.
  Time since last request: 5.381640 seconds.
  path: Assets/character/Player.prefab
  artifactKey: Guid(98b82b6b6eab04b22a0b02bfff8a233d) Importer(815301076,1909f56bfc062723c751e8b465ee728b)
Start importing Assets/character/Player.prefab using Guid(98b82b6b6eab04b22a0b02bfff8a233d) Importer(815301076,1909f56bfc062723c751e8b465ee728b) State "idle" in Controller "player" uses parameter "" which does not exist.
 #0 GetStacktrace(int)
 #1 DebugStringToFile(DebugStringToFileData const&)
 #2 AnimatorController::ValidateParameters()
 #3 AnimatorController::BuildAsset()
 #4 AnimatorController::GetAnimationSetBindings()
 #5 AnimatorControllerPlayable::GenerateGraph()
 #6 AnimatorControllerPlayable::SetAnimatorController(RuntimeAnimatorController*)
 #7 Animator::CreateInternalControllerPlayable()
 #8 Animator::AddToManager()
 #9 Animator::AwakeFromLoad(AwakeFromLoadMode)
 #10 AwakeFromLoadQueue::InvokeAwakeFromLoad(AwakeFromLoadQueue::Item*, unsigned int, AwakeFromLoadMode)
 #11 AwakeFromLoadQueue::AwakeFromLoadAllQueues(AwakeFromLoadMode, bool)
 #12 AwakeAndActivateClonedObjects(Object**, vector_map<int, int, std::__1::less<int>, stl_allocator<std::__1::pair<int, int>, (MemLabelIdentifier)1, 16>> const&)
 #13 InstantiateObjectRemoveAllNonAnimationComponents(Object&, Vector3f const&, Quaternionf const&)
 #14 EditorUtility_CUSTOM_Internal_InstantiateRemoveAllNonAnimationComponentsSingle_Injected(ScriptingBackendNativeObjectPtrOpaque*, Vector3f const&, Quaternionf const&)
 #15  (Mono JIT Code) (wrapper managed-to-native) UnityEditor.EditorUtility:Internal_InstantiateRemoveAllNonAnimationComponentsSingle_Injected (UnityEngine.Object,UnityEngine.Vector3&,UnityEngine.Quaternion&)
 #16  (Mono JIT Code) UnityEditor.EditorUtility:Internal_InstantiateRemoveAllNonAnimationComponentsSingle (UnityEngine.Object,UnityEngine.Vector3,UnityEngine.Quaternion)
 #17  (Mono JIT Code) [EditorUtility.cs:662] UnityEditor.EditorUtility:InstantiateRemoveAllNonAnimationComponents (UnityEngine.Object,UnityEngine.Vector3,UnityEngine.Quaternion)
 #18  (Mono JIT Code) [EditorUtility.cs:628] UnityEditor.EditorUtility:InstantiateForAnimatorPreview (UnityEngine.Object)
 #19  (Mono JIT Code) [GameObjectInspector.cs:129] UnityEditor.GameObjectInspector/PreviewData:UpdateGameObject (UnityEngine.Object)
 #20  (Mono JIT Code) [GameObjectInspector.cs:123] UnityEditor.GameObjectInspector/PreviewData:.ctor (UnityEngine.Object,bool)
 #21  (Mono JIT Code) [GameObjectInspector.cs:956] UnityEditor.GameObjectInspector:GetPreviewData (bool)
 #22  (Mono JIT Code) [GameObjectInspector.cs:1165] UnityEditor.GameObjectInspector:RenderStaticPreview (string,UnityEngine.Object[],int,int)
 #23  (Mono JIT Code) [AssetPreviewUpdater.cs:43] UnityEditor.AssetPreviewUpdater:CreatePreview (UnityEngine.Object,UnityEngine.Object[],string,int,int)
 #24  (Mono JIT Code) [AssetPreviewUpdater.cs:11] UnityEditor.AssetPreviewUpdater:CreatePreviewForAsset (UnityEngine.Object,UnityEngine.Object[],string)
 #25  (Mono JIT Code) (wrapper runtime-invoke) <Module>:runtime_invoke_object_object_object_object (object,intptr,intptr,intptr)
 #26 mono_jit_runtime_invoke
 #27 do_runtime_invoke
 #28 mono_runtime_invoke
 #29 scripting_method_invoke(ScriptingMethodPtr, ScriptingObjectPtr, ScriptingArguments&, ScriptingExceptionPtr*, bool)
 #30 ScriptingInvocation::Invoke(ScriptingExceptionPtr*, bool)
 #31 MonoCreateAssetPreview(Object*, core::vector<Object*, 0ul> const&, core::basic_string<char, core::StringStorageDefault<char>> const&)
 #32 PreviewImporter::GenerateAssetData(AssetImportContext&)
 #33 ImportToObjects(core::basic_string<char, core::StringStorageDefault<char>> const&, core::hash_map<AssetDatabase::ImporterID, ImporterInfo, core::hash<AssetDatabase::ImporterID>, std::__1::equal_to<AssetDatabase::ImporterID>> const&, core::vector<PostprocessorInfo, 0ul> const&, AssetResolveTracker const&, ImportAssetInputs const&, ImportAssetOutputs&, IImportProgress*)
 #34 ImportAsset(core::hash_map<AssetDatabase::ImporterID, ImporterInfo, core::hash<AssetDatabase::ImporterID>, std::__1::equal_to<AssetDatabase::ImporterID>> const&, core::vector<PostprocessorInfo, 0ul> const&, AssetResolveTracker const&, ImportAssetInputs const&, ImportAssetOutputs&, IImportProgress*)
 #35 ImportAssetWithAutoReleasePool(core::hash_map<AssetDatabase::ImporterID, ImporterInfo, core::hash<AssetDatabase::ImporterID>, std::__1::equal_to<AssetDatabase::ImporterID>> const&, core::vector<PostprocessorInfo, 0ul> const&, AssetResolveTracker const&, ImportAssetInputs const&, ImportAssetOutputs&, IImportProgress*)
 #36 AssetImportWorker::Import(AssetResolver&, ImportAssetInputs const&, WorkerImportResponse&, IImportProgress*, bool*)
 #37 invocation function for block in AssetImportWorkerClient::HandleMessage(ImportRequestMessage const&)::$_5::operator()() const
 #38 _dispatch_client_callout
 #39 _dispatch_async_and_wait_invoke
 #40 _dispatch_client_callout
 #41 _dispatch_main_queue_drain
 #42 _dispatch_main_queue_callback_4CF
 #43 __CFRUNLOOP_IS_SERVICING_THE_MAIN_DISPATCH_QUEUE__
 #44 __CFRunLoopRun
 #45 CFRunLoopRunSpecific
 #46 RunCurrentEventLoopInMode
 #47 ReceiveNextEventCommon
 #48 _BlockUntilNextEventMatchingListInModeWithFilter
 #49 _DPSNextEvent
 #50 -[NSApplication(NSEventRouting) _nextEventMatchingEventMask:untilDate:inMode:dequeue:]
 #51 -[NSApplication run]
 #52 NSApplicationMain
 #53 EditorMain(int, char const**)
 #54 main
 #55 start

 -> (artifact id: '86a8036e59704b264c7e3bde152cdbd1') in 0.043451 seconds
Number of updated asset objects reloaded before import = 0
Number of asset objects unloaded after import = 65
========================================================================
Received Import Request.
  Time since last request: 4.605378 seconds.
  path: Assets/character/Player.prefab
  artifactKey: Guid(98b82b6b6eab04b22a0b02bfff8a233d) Importer(815301076,1909f56bfc062723c751e8b465ee728b)
Start importing Assets/character/Player.prefab using Guid(98b82b6b6eab04b22a0b02bfff8a233d) Importer(815301076,1909f56bfc062723c751e8b465ee728b) State "idle" in Controller "player" uses parameter "" which does not exist.
 #0 GetStacktrace(int)
 #1 DebugStringToFile(DebugStringToFileData const&)
 #2 AnimatorController::ValidateParameters()
 #3 AnimatorController::BuildAsset()
 #4 AnimatorController::GetAnimationSetBindings()
 #5 AnimatorControllerPlayable::GenerateGraph()
 #6 AnimatorControllerPlayable::SetAnimatorController(RuntimeAnimatorController*)
 #7 Animator::CreateInternalControllerPlayable()
 #8 Animator::AddToManager()
 #9 Animator::AwakeFromLoad(AwakeFromLoadMode)
 #10 AwakeFromLoadQueue::InvokeAwakeFromLoad(AwakeFromLoadQueue::Item*, unsigned int, AwakeFromLoadMode)
 #11 AwakeFromLoadQueue::AwakeFromLoadAllQueues(AwakeFromLoadMode, bool)
 #12 AwakeAndActivateClonedObjects(Object**, vector_map<int, int, std::__1::less<int>, stl_allocator<std::__1::pair<int, int>, (MemLabelIdentifier)1, 16>> const&)
 #13 InstantiateObjectRemoveAllNonAnimationComponents(Object&, Vector3f const&, Quaternionf const&)
 #14 EditorUtility_CUSTOM_Internal_InstantiateRemoveAllNonAnimationComponentsSingle_Injected(ScriptingBackendNativeObjectPtrOpaque*, Vector3f const&, Quaternionf const&)
 #15  (Mono JIT Code) (wrapper managed-to-native) UnityEditor.EditorUtility:Internal_InstantiateRemoveAllNonAnimationComponentsSingle_Injected (UnityEngine.Object,UnityEngine.Vector3&,UnityEngine.Quaternion&)
 #16  (Mono JIT Code) UnityEditor.EditorUtility:Internal_InstantiateRemoveAllNonAnimationComponentsSingle (UnityEngine.Object,UnityEngine.Vector3,UnityEngine.Quaternion)
 #17  (Mono JIT Code) [EditorUtility.cs:662] UnityEditor.EditorUtility:InstantiateRemoveAllNonAnimationComponents (UnityEngine.Object,UnityEngine.Vector3,UnityEngine.Quaternion)
 #18  (Mono JIT Code) [EditorUtility.cs:628] UnityEditor.EditorUtility:InstantiateForAnimatorPreview (UnityEngine.Object)
 #19  (Mono JIT Code) [GameObjectInspector.cs:129] UnityEditor.GameObjectInspector/PreviewData:UpdateGameObject (UnityEngine.Object)
 #20  (Mono JIT Code) [GameObjectInspector.cs:123] UnityEditor.GameObjectInspector/PreviewData:.ctor (UnityEngine.Object,bool)
 #21  (Mono JIT Code) [GameObjectInspector.cs:956] UnityEditor.GameObjectInspector:GetPreviewData (bool)
 #22  (Mono JIT Code) [GameObjectInspector.cs:1165] UnityEditor.GameObjectInspector:RenderStaticPreview (string,UnityEngine.Object[],int,int)
 #23  (Mono JIT Code) [AssetPreviewUpdater.cs:43] UnityEditor.AssetPreviewUpdater:CreatePreview (UnityEngine.Object,UnityEngine.Object[],string,int,int)
 #24  (Mono JIT Code) [AssetPreviewUpdater.cs:11] UnityEditor.AssetPreviewUpdater:CreatePreviewForAsset (UnityEngine.Object,UnityEngine.Object[],string)
 #25  (Mono JIT Code) (wrapper runtime-invoke) <Module>:runtime_invoke_object_object_object_object (object,intptr,intptr,intptr)
 #26 mono_jit_runtime_invoke
 #27 do_runtime_invoke
 #28 mono_runtime_invoke
 #29 scripting_method_invoke(ScriptingMethodPtr, ScriptingObjectPtr, ScriptingArguments&, ScriptingExceptionPtr*, bool)
 #30 ScriptingInvocation::Invoke(ScriptingExceptionPtr*, bool)
 #31 MonoCreateAssetPreview(Object*, core::vector<Object*, 0ul> const&, core::basic_string<char, core::StringStorageDefault<char>> const&)
 #32 PreviewImporter::GenerateAssetData(AssetImportContext&)
 #33 ImportToObjects(core::basic_string<char, core::StringStorageDefault<char>> const&, core::hash_map<AssetDatabase::ImporterID, ImporterInfo, core::hash<AssetDatabase::ImporterID>, std::__1::equal_to<AssetDatabase::ImporterID>> const&, core::vector<PostprocessorInfo, 0ul> const&, AssetResolveTracker const&, ImportAssetInputs const&, ImportAssetOutputs&, IImportProgress*)
 #34 ImportAsset(core::hash_map<AssetDatabase::ImporterID, ImporterInfo, core::hash<AssetDatabase::ImporterID>, std::__1::equal_to<AssetDatabase::ImporterID>> const&, core::vector<PostprocessorInfo, 0ul> const&, AssetResolveTracker const&, ImportAssetInputs const&, ImportAssetOutputs&, IImportProgress*)
 #35 ImportAssetWithAutoReleasePool(core::hash_map<AssetDatabase::ImporterID, ImporterInfo, core::hash<AssetDatabase::ImporterID>, std::__1::equal_to<AssetDatabase::ImporterID>> const&, core::vector<PostprocessorInfo, 0ul> const&, AssetResolveTracker const&, ImportAssetInputs const&, ImportAssetOutputs&, IImportProgress*)
 #36 AssetImportWorker::Import(AssetResolver&, ImportAssetInputs const&, WorkerImportResponse&, IImportProgress*, bool*)
 #37 invocation function for block in AssetImportWorkerClient::HandleMessage(ImportRequestMessage const&)::$_5::operator()() const
 #38 _dispatch_client_callout
 #39 _dispatch_async_and_wait_invoke
 #40 _dispatch_client_callout
 #41 _dispatch_main_queue_drain
 #42 _dispatch_main_queue_callback_4CF
 #43 __CFRUNLOOP_IS_SERVICING_THE_MAIN_DISPATCH_QUEUE__
 #44 __CFRunLoopRun
 #45 CFRunLoopRunSpecific
 #46 RunCurrentEventLoopInMode
 #47 ReceiveNextEventCommon
 #48 _BlockUntilNextEventMatchingListInModeWithFilter
 #49 _DPSNextEvent
 #50 -[NSApplication(NSEventRouting) _nextEventMatchingEventMask:untilDate:inMode:dequeue:]
 #51 -[NSApplication run]
 #52 NSApplicationMain
 #53 EditorMain(int, char const**)
 #54 main
 #55 start

 -> (artifact id: '6d26feebd944754c25bd9560375b062f') in 0.041848 seconds
Number of updated asset objects reloaded before import = 0
Number of asset objects unloaded after import = 65
========================================================================
Received Import Request.
  Time since last request: 4.196084 seconds.
  path: Assets/character/Player.prefab
  artifactKey: Guid(98b82b6b6eab04b22a0b02bfff8a233d) Importer(815301076,1909f56bfc062723c751e8b465ee728b)
Start importing Assets/character/Player.prefab using Guid(98b82b6b6eab04b22a0b02bfff8a233d) Importer(815301076,1909f56bfc062723c751e8b465ee728b) State "idle" in Controller "player" uses parameter "" which does not exist.
 #0 GetStacktrace(int)
 #1 DebugStringToFile(DebugStringToFileData const&)
 #2 AnimatorController::ValidateParameters()
 #3 AnimatorController::BuildAsset()
 #4 AnimatorController::GetAnimationSetBindings()
 #5 AnimatorControllerPlayable::GenerateGraph()
 #6 AnimatorControllerPlayable::SetAnimatorController(RuntimeAnimatorController*)
 #7 Animator::CreateInternalControllerPlayable()
 #8 Animator::AddToManager()
 #9 Animator::AwakeFromLoad(AwakeFromLoadMode)
 #10 AwakeFromLoadQueue::InvokeAwakeFromLoad(AwakeFromLoadQueue::Item*, unsigned int, AwakeFromLoadMode)
 #11 AwakeFromLoadQueue::AwakeFromLoadAllQueues(AwakeFromLoadMode, bool)
 #12 AwakeAndActivateClonedObjects(Object**, vector_map<int, int, std::__1::less<int>, stl_allocator<std::__1::pair<int, int>, (MemLabelIdentifier)1, 16>> const&)
 #13 InstantiateObjectRemoveAllNonAnimationComponents(Object&, Vector3f const&, Quaternionf const&)
 #14 EditorUtility_CUSTOM_Internal_InstantiateRemoveAllNonAnimationComponentsSingle_Injected(ScriptingBackendNativeObjectPtrOpaque*, Vector3f const&, Quaternionf const&)
 #15  (Mono JIT Code) (wrapper managed-to-native) UnityEditor.EditorUtility:Internal_InstantiateRemoveAllNonAnimationComponentsSingle_Injected (UnityEngine.Object,UnityEngine.Vector3&,UnityEngine.Quaternion&)
 #16  (Mono JIT Code) UnityEditor.EditorUtility:Internal_InstantiateRemoveAllNonAnimationComponentsSingle (UnityEngine.Object,UnityEngine.Vector3,UnityEngine.Quaternion)
 #17  (Mono JIT Code) [EditorUtility.cs:662] UnityEditor.EditorUtility:InstantiateRemoveAllNonAnimationComponents (UnityEngine.Object,UnityEngine.Vector3,UnityEngine.Quaternion)
 #18  (Mono JIT Code) [EditorUtility.cs:628] UnityEditor.EditorUtility:InstantiateForAnimatorPreview (UnityEngine.Object)
 #19  (Mono JIT Code) [GameObjectInspector.cs:129] UnityEditor.GameObjectInspector/PreviewData:UpdateGameObject (UnityEngine.Object)
 #20  (Mono JIT Code) [GameObjectInspector.cs:123] UnityEditor.GameObjectInspector/PreviewData:.ctor (UnityEngine.Object,bool)
 #21  (Mono JIT Code) [GameObjectInspector.cs:956] UnityEditor.GameObjectInspector:GetPreviewData (bool)
 #22  (Mono JIT Code) [GameObjectInspector.cs:1165] UnityEditor.GameObjectInspector:RenderStaticPreview (string,UnityEngine.Object[],int,int)
 #23  (Mono JIT Code) [AssetPreviewUpdater.cs:43] UnityEditor.AssetPreviewUpdater:CreatePreview (UnityEngine.Object,UnityEngine.Object[],string,int,int)
 #24  (Mono JIT Code) [AssetPreviewUpdater.cs:11] UnityEditor.AssetPreviewUpdater:CreatePreviewForAsset (UnityEngine.Object,UnityEngine.Object[],string)
 #25  (Mono JIT Code) (wrapper runtime-invoke) <Module>:runtime_invoke_object_object_object_object (object,intptr,intptr,intptr)
 #26 mono_jit_runtime_invoke
 #27 do_runtime_invoke
 #28 mono_runtime_invoke
 #29 scripting_method_invoke(ScriptingMethodPtr, ScriptingObjectPtr, ScriptingArguments&, ScriptingExceptionPtr*, bool)
 #30 ScriptingInvocation::Invoke(ScriptingExceptionPtr*, bool)
 #31 MonoCreateAssetPreview(Object*, core::vector<Object*, 0ul> const&, core::basic_string<char, core::StringStorageDefault<char>> const&)
 #32 PreviewImporter::GenerateAssetData(AssetImportContext&)
 #33 ImportToObjects(core::basic_string<char, core::StringStorageDefault<char>> const&, core::hash_map<AssetDatabase::ImporterID, ImporterInfo, core::hash<AssetDatabase::ImporterID>, std::__1::equal_to<AssetDatabase::ImporterID>> const&, core::vector<PostprocessorInfo, 0ul> const&, AssetResolveTracker const&, ImportAssetInputs const&, ImportAssetOutputs&, IImportProgress*)
 #34 ImportAsset(core::hash_map<AssetDatabase::ImporterID, ImporterInfo, core::hash<AssetDatabase::ImporterID>, std::__1::equal_to<AssetDatabase::ImporterID>> const&, core::vector<PostprocessorInfo, 0ul> const&, AssetResolveTracker const&, ImportAssetInputs const&, ImportAssetOutputs&, IImportProgress*)
 #35 ImportAssetWithAutoReleasePool(core::hash_map<AssetDatabase::ImporterID, ImporterInfo, core::hash<AssetDatabase::ImporterID>, std::__1::equal_to<AssetDatabase::ImporterID>> const&, core::vector<PostprocessorInfo, 0ul> const&, AssetResolveTracker const&, ImportAssetInputs const&, ImportAssetOutputs&, IImportProgress*)
 #36 AssetImportWorker::Import(AssetResolver&, ImportAssetInputs const&, WorkerImportResponse&, IImportProgress*, bool*)
 #37 invocation function for block in AssetImportWorkerClient::HandleMessage(ImportRequestMessage const&)::$_5::operator()() const
 #38 _dispatch_client_callout
 #39 _dispatch_async_and_wait_invoke
 #40 _dispatch_client_callout
 #41 _dispatch_main_queue_drain
 #42 _dispatch_main_queue_callback_4CF
 #43 __CFRUNLOOP_IS_SERVICING_THE_MAIN_DISPATCH_QUEUE__
 #44 __CFRunLoopRun
 #45 CFRunLoopRunSpecific
 #46 RunCurrentEventLoopInMode
 #47 ReceiveNextEventCommon
 #48 _BlockUntilNextEventMatchingListInModeWithFilter
 #49 _DPSNextEvent
 #50 -[NSApplication(NSEventRouting) _nextEventMatchingEventMask:untilDate:inMode:dequeue:]
 #51 -[NSApplication run]
 #52 NSApplicationMain
 #53 EditorMain(int, char const**)
 #54 main
 #55 start

 -> (artifact id: 'd190f944f560655596d9039eba22aec3') in 0.042444 seconds
Number of updated asset objects reloaded before import = 0
Number of asset objects unloaded after import = 65
========================================================================
Received Import Request.
  Time since last request: 6.434141 seconds.
  path: Assets/character/Player.prefab
  artifactKey: Guid(98b82b6b6eab04b22a0b02bfff8a233d) Importer(815301076,1909f56bfc062723c751e8b465ee728b)
Start importing Assets/character/Player.prefab using Guid(98b82b6b6eab04b22a0b02bfff8a233d) Importer(815301076,1909f56bfc062723c751e8b465ee728b) State "idle" in Controller "player" uses parameter "" which does not exist.
 #0 GetStacktrace(int)
 #1 DebugStringToFile(DebugStringToFileData const&)
 #2 AnimatorController::ValidateParameters()
 #3 AnimatorController::BuildAsset()
 #4 AnimatorController::GetAnimationSetBindings()
 #5 AnimatorControllerPlayable::GenerateGraph()
 #6 AnimatorControllerPlayable::SetAnimatorController(RuntimeAnimatorController*)
 #7 Animator::CreateInternalControllerPlayable()
 #8 Animator::AddToManager()
 #9 Animator::AwakeFromLoad(AwakeFromLoadMode)
 #10 AwakeFromLoadQueue::InvokeAwakeFromLoad(AwakeFromLoadQueue::Item*, unsigned int, AwakeFromLoadMode)
 #11 AwakeFromLoadQueue::AwakeFromLoadAllQueues(AwakeFromLoadMode, bool)
 #12 AwakeAndActivateClonedObjects(Object**, vector_map<int, int, std::__1::less<int>, stl_allocator<std::__1::pair<int, int>, (MemLabelIdentifier)1, 16>> const&)
 #13 InstantiateObjectRemoveAllNonAnimationComponents(Object&, Vector3f const&, Quaternionf const&)
 #14 EditorUtility_CUSTOM_Internal_InstantiateRemoveAllNonAnimationComponentsSingle_Injected(ScriptingBackendNativeObjectPtrOpaque*, Vector3f const&, Quaternionf const&)
 #15  (Mono JIT Code) (wrapper managed-to-native) UnityEditor.EditorUtility:Internal_InstantiateRemoveAllNonAnimationComponentsSingle_Injected (UnityEngine.Object,UnityEngine.Vector3&,UnityEngine.Quaternion&)
 #16  (Mono JIT Code) UnityEditor.EditorUtility:Internal_InstantiateRemoveAllNonAnimationComponentsSingle (UnityEngine.Object,UnityEngine.Vector3,UnityEngine.Quaternion)
 #17  (Mono JIT Code) [EditorUtility.cs:662] UnityEditor.EditorUtility:InstantiateRemoveAllNonAnimationComponents (UnityEngine.Object,UnityEngine.Vector3,UnityEngine.Quaternion)
 #18  (Mono JIT Code) [EditorUtility.cs:628] UnityEditor.EditorUtility:InstantiateForAnimatorPreview (UnityEngine.Object)
 #19  (Mono JIT Code) [GameObjectInspector.cs:129] UnityEditor.GameObjectInspector/PreviewData:UpdateGameObject (UnityEngine.Object)
 #20  (Mono JIT Code) [GameObjectInspector.cs:123] UnityEditor.GameObjectInspector/PreviewData:.ctor (UnityEngine.Object,bool)
 #21  (Mono JIT Code) [GameObjectInspector.cs:956] UnityEditor.GameObjectInspector:GetPreviewData (bool)
 #22  (Mono JIT Code) [GameObjectInspector.cs:1165] UnityEditor.GameObjectInspector:RenderStaticPreview (string,UnityEngine.Object[],int,int)
 #23  (Mono JIT Code) [AssetPreviewUpdater.cs:43] UnityEditor.AssetPreviewUpdater:CreatePreview (UnityEngine.Object,UnityEngine.Object[],string,int,int)
 #24  (Mono JIT Code) [AssetPreviewUpdater.cs:11] UnityEditor.AssetPreviewUpdater:CreatePreviewForAsset (UnityEngine.Object,UnityEngine.Object[],string)
 #25  (Mono JIT Code) (wrapper runtime-invoke) <Module>:runtime_invoke_object_object_object_object (object,intptr,intptr,intptr)
 #26 mono_jit_runtime_invoke
 #27 do_runtime_invoke
 #28 mono_runtime_invoke
 #29 scripting_method_invoke(ScriptingMethodPtr, ScriptingObjectPtr, ScriptingArguments&, ScriptingExceptionPtr*, bool)
 #30 ScriptingInvocation::Invoke(ScriptingExceptionPtr*, bool)
 #31 MonoCreateAssetPreview(Object*, core::vector<Object*, 0ul> const&, core::basic_string<char, core::StringStorageDefault<char>> const&)
 #32 PreviewImporter::GenerateAssetData(AssetImportContext&)
 #33 ImportToObjects(core::basic_string<char, core::StringStorageDefault<char>> const&, core::hash_map<AssetDatabase::ImporterID, ImporterInfo, core::hash<AssetDatabase::ImporterID>, std::__1::equal_to<AssetDatabase::ImporterID>> const&, core::vector<PostprocessorInfo, 0ul> const&, AssetResolveTracker const&, ImportAssetInputs const&, ImportAssetOutputs&, IImportProgress*)
 #34 ImportAsset(core::hash_map<AssetDatabase::ImporterID, ImporterInfo, core::hash<AssetDatabase::ImporterID>, std::__1::equal_to<AssetDatabase::ImporterID>> const&, core::vector<PostprocessorInfo, 0ul> const&, AssetResolveTracker const&, ImportAssetInputs const&, ImportAssetOutputs&, IImportProgress*)
 #35 ImportAssetWithAutoReleasePool(core::hash_map<AssetDatabase::ImporterID, ImporterInfo, core::hash<AssetDatabase::ImporterID>, std::__1::equal_to<AssetDatabase::ImporterID>> const&, core::vector<PostprocessorInfo, 0ul> const&, AssetResolveTracker const&, ImportAssetInputs const&, ImportAssetOutputs&, IImportProgress*)
 #36 AssetImportWorker::Import(AssetResolver&, ImportAssetInputs const&, WorkerImportResponse&, IImportProgress*, bool*)
 #37 invocation function for block in AssetImportWorkerClient::HandleMessage(ImportRequestMessage const&)::$_5::operator()() const
 #38 _dispatch_client_callout
 #39 _dispatch_async_and_wait_invoke
 #40 _dispatch_client_callout
 #41 _dispatch_main_queue_drain
 #42 _dispatch_main_queue_callback_4CF
 #43 __CFRUNLOOP_IS_SERVICING_THE_MAIN_DISPATCH_QUEUE__
 #44 __CFRunLoopRun
 #45 CFRunLoopRunSpecific
 #46 RunCurrentEventLoopInMode
 #47 ReceiveNextEventCommon
 #48 _BlockUntilNextEventMatchingListInModeWithFilter
 #49 _DPSNextEvent
 #50 -[NSApplication(NSEventRouting) _nextEventMatchingEventMask:untilDate:inMode:dequeue:]
 #51 -[NSApplication run]
 #52 NSApplicationMain
 #53 EditorMain(int, char const**)
 #54 main
 #55 start

 -> (artifact id: '4da1dccbc43900db5b66e68b328f6f07') in 0.043890 seconds
Number of updated asset objects reloaded before import = 0
Number of asset objects unloaded after import = 65
========================================================================
Received Import Request.
  Time since last request: 4.601296 seconds.
  path: Assets/character/Player.prefab
  artifactKey: Guid(98b82b6b6eab04b22a0b02bfff8a233d) Importer(815301076,1909f56bfc062723c751e8b465ee728b)
Start importing Assets/character/Player.prefab using Guid(98b82b6b6eab04b22a0b02bfff8a233d) Importer(815301076,1909f56bfc062723c751e8b465ee728b) State "idle" in Controller "player" uses parameter "" which does not exist.
 #0 GetStacktrace(int)
 #1 DebugStringToFile(DebugStringToFileData const&)
 #2 AnimatorController::ValidateParameters()
 #3 AnimatorController::BuildAsset()
 #4 AnimatorController::GetAnimationSetBindings()
 #5 AnimatorControllerPlayable::GenerateGraph()
 #6 AnimatorControllerPlayable::SetAnimatorController(RuntimeAnimatorController*)
 #7 Animator::CreateInternalControllerPlayable()
 #8 Animator::AddToManager()
 #9 Animator::AwakeFromLoad(AwakeFromLoadMode)
 #10 AwakeFromLoadQueue::InvokeAwakeFromLoad(AwakeFromLoadQueue::Item*, unsigned int, AwakeFromLoadMode)
 #11 AwakeFromLoadQueue::AwakeFromLoadAllQueues(AwakeFromLoadMode, bool)
 #12 AwakeAndActivateClonedObjects(Object**, vector_map<int, int, std::__1::less<int>, stl_allocator<std::__1::pair<int, int>, (MemLabelIdentifier)1, 16>> const&)
 #13 InstantiateObjectRemoveAllNonAnimationComponents(Object&, Vector3f const&, Quaternionf const&)
 #14 EditorUtility_CUSTOM_Internal_InstantiateRemoveAllNonAnimationComponentsSingle_Injected(ScriptingBackendNativeObjectPtrOpaque*, Vector3f const&, Quaternionf const&)
 #15  (Mono JIT Code) (wrapper managed-to-native) UnityEditor.EditorUtility:Internal_InstantiateRemoveAllNonAnimationComponentsSingle_Injected (UnityEngine.Object,UnityEngine.Vector3&,UnityEngine.Quaternion&)
 #16  (Mono JIT Code) UnityEditor.EditorUtility:Internal_InstantiateRemoveAllNonAnimationComponentsSingle (UnityEngine.Object,UnityEngine.Vector3,UnityEngine.Quaternion)
 #17  (Mono JIT Code) [EditorUtility.cs:662] UnityEditor.EditorUtility:InstantiateRemoveAllNonAnimationComponents (UnityEngine.Object,UnityEngine.Vector3,UnityEngine.Quaternion)
 #18  (Mono JIT Code) [EditorUtility.cs:628] UnityEditor.EditorUtility:InstantiateForAnimatorPreview (UnityEngine.Object)
 #19  (Mono JIT Code) [GameObjectInspector.cs:129] UnityEditor.GameObjectInspector/PreviewData:UpdateGameObject (UnityEngine.Object)
 #20  (Mono JIT Code) [GameObjectInspector.cs:123] UnityEditor.GameObjectInspector/PreviewData:.ctor (UnityEngine.Object,bool)
 #21  (Mono JIT Code) [GameObjectInspector.cs:956] UnityEditor.GameObjectInspector:GetPreviewData (bool)
 #22  (Mono JIT Code) [GameObjectInspector.cs:1165] UnityEditor.GameObjectInspector:RenderStaticPreview (string,UnityEngine.Object[],int,int)
 #23  (Mono JIT Code) [AssetPreviewUpdater.cs:43] UnityEditor.AssetPreviewUpdater:CreatePreview (UnityEngine.Object,UnityEngine.Object[],string,int,int)
 #24  (Mono JIT Code) [AssetPreviewUpdater.cs:11] UnityEditor.AssetPreviewUpdater:CreatePreviewForAsset (UnityEngine.Object,UnityEngine.Object[],string)
 #25  (Mono JIT Code) (wrapper runtime-invoke) <Module>:runtime_invoke_object_object_object_object (object,intptr,intptr,intptr)
 #26 mono_jit_runtime_invoke
 #27 do_runtime_invoke
 #28 mono_runtime_invoke
 #29 scripting_method_invoke(ScriptingMethodPtr, ScriptingObjectPtr, ScriptingArguments&, ScriptingExceptionPtr*, bool)
 #30 ScriptingInvocation::Invoke(ScriptingExceptionPtr*, bool)
 #31 MonoCreateAssetPreview(Object*, core::vector<Object*, 0ul> const&, core::basic_string<char, core::StringStorageDefault<char>> const&)
 #32 PreviewImporter::GenerateAssetData(AssetImportContext&)
 #33 ImportToObjects(core::basic_string<char, core::StringStorageDefault<char>> const&, core::hash_map<AssetDatabase::ImporterID, ImporterInfo, core::hash<AssetDatabase::ImporterID>, std::__1::equal_to<AssetDatabase::ImporterID>> const&, core::vector<PostprocessorInfo, 0ul> const&, AssetResolveTracker const&, ImportAssetInputs const&, ImportAssetOutputs&, IImportProgress*)
 #34 ImportAsset(core::hash_map<AssetDatabase::ImporterID, ImporterInfo, core::hash<AssetDatabase::ImporterID>, std::__1::equal_to<AssetDatabase::ImporterID>> const&, core::vector<PostprocessorInfo, 0ul> const&, AssetResolveTracker const&, ImportAssetInputs const&, ImportAssetOutputs&, IImportProgress*)
 #35 ImportAssetWithAutoReleasePool(core::hash_map<AssetDatabase::ImporterID, ImporterInfo, core::hash<AssetDatabase::ImporterID>, std::__1::equal_to<AssetDatabase::ImporterID>> const&, core::vector<PostprocessorInfo, 0ul> const&, AssetResolveTracker const&, ImportAssetInputs const&, ImportAssetOutputs&, IImportProgress*)
 #36 AssetImportWorker::Import(AssetResolver&, ImportAssetInputs const&, WorkerImportResponse&, IImportProgress*, bool*)
 #37 invocation function for block in AssetImportWorkerClient::HandleMessage(ImportRequestMessage const&)::$_5::operator()() const
 #38 _dispatch_client_callout
 #39 _dispatch_async_and_wait_invoke
 #40 _dispatch_client_callout
 #41 _dispatch_main_queue_drain
 #42 _dispatch_main_queue_callback_4CF
 #43 __CFRUNLOOP_IS_SERVICING_THE_MAIN_DISPATCH_QUEUE__
 #44 __CFRunLoopRun
 #45 CFRunLoopRunSpecific
 #46 RunCurrentEventLoopInMode
 #47 ReceiveNextEventCommon
 #48 _BlockUntilNextEventMatchingListInModeWithFilter
 #49 _DPSNextEvent
 #50 -[NSApplication(NSEventRouting) _nextEventMatchingEventMask:untilDate:inMode:dequeue:]
 #51 -[NSApplication run]
 #52 NSApplicationMain
 #53 EditorMain(int, char const**)
 #54 main
 #55 start

 -> (artifact id: '9b545e2e025dc59690e94b6ba87f21bf') in 0.045956 seconds
Number of updated asset objects reloaded before import = 0
Number of asset objects unloaded after import = 65
========================================================================
Received Import Request.
  Time since last request: 3.579139 seconds.
  path: Assets/character/Player.prefab
  artifactKey: Guid(98b82b6b6eab04b22a0b02bfff8a233d) Importer(815301076,1909f56bfc062723c751e8b465ee728b)
Start importing Assets/character/Player.prefab using Guid(98b82b6b6eab04b22a0b02bfff8a233d) Importer(815301076,1909f56bfc062723c751e8b465ee728b) State "idle" in Controller "player" uses parameter "" which does not exist.
 #0 GetStacktrace(int)
 #1 DebugStringToFile(DebugStringToFileData const&)
 #2 AnimatorController::ValidateParameters()
 #3 AnimatorController::BuildAsset()
 #4 AnimatorController::GetAnimationSetBindings()
 #5 AnimatorControllerPlayable::GenerateGraph()
 #6 AnimatorControllerPlayable::SetAnimatorController(RuntimeAnimatorController*)
 #7 Animator::CreateInternalControllerPlayable()
 #8 Animator::AddToManager()
 #9 Animator::AwakeFromLoad(AwakeFromLoadMode)
 #10 AwakeFromLoadQueue::InvokeAwakeFromLoad(AwakeFromLoadQueue::Item*, unsigned int, AwakeFromLoadMode)
 #11 AwakeFromLoadQueue::AwakeFromLoadAllQueues(AwakeFromLoadMode, bool)
 #12 AwakeAndActivateClonedObjects(Object**, vector_map<int, int, std::__1::less<int>, stl_allocator<std::__1::pair<int, int>, (MemLabelIdentifier)1, 16>> const&)
 #13 InstantiateObjectRemoveAllNonAnimationComponents(Object&, Vector3f const&, Quaternionf const&)
 #14 EditorUtility_CUSTOM_Internal_InstantiateRemoveAllNonAnimationComponentsSingle_Injected(ScriptingBackendNativeObjectPtrOpaque*, Vector3f const&, Quaternionf const&)
 #15  (Mono JIT Code) (wrapper managed-to-native) UnityEditor.EditorUtility:Internal_InstantiateRemoveAllNonAnimationComponentsSingle_Injected (UnityEngine.Object,UnityEngine.Vector3&,UnityEngine.Quaternion&)
 #16  (Mono JIT Code) UnityEditor.EditorUtility:Internal_InstantiateRemoveAllNonAnimationComponentsSingle (UnityEngine.Object,UnityEngine.Vector3,UnityEngine.Quaternion)
 #17  (Mono JIT Code) [EditorUtility.cs:662] UnityEditor.EditorUtility:InstantiateRemoveAllNonAnimationComponents (UnityEngine.Object,UnityEngine.Vector3,UnityEngine.Quaternion)
 #18  (Mono JIT Code) [EditorUtility.cs:628] UnityEditor.EditorUtility:InstantiateForAnimatorPreview (UnityEngine.Object)
 #19  (Mono JIT Code) [GameObjectInspector.cs:129] UnityEditor.GameObjectInspector/PreviewData:UpdateGameObject (UnityEngine.Object)
 #20  (Mono JIT Code) [GameObjectInspector.cs:123] UnityEditor.GameObjectInspector/PreviewData:.ctor (UnityEngine.Object,bool)
 #21  (Mono JIT Code) [GameObjectInspector.cs:956] UnityEditor.GameObjectInspector:GetPreviewData (bool)
 #22  (Mono JIT Code) [GameObjectInspector.cs:1165] UnityEditor.GameObjectInspector:RenderStaticPreview (string,UnityEngine.Object[],int,int)
 #23  (Mono JIT Code) [AssetPreviewUpdater.cs:43] UnityEditor.AssetPreviewUpdater:CreatePreview (UnityEngine.Object,UnityEngine.Object[],string,int,int)
 #24  (Mono JIT Code) [AssetPreviewUpdater.cs:11] UnityEditor.AssetPreviewUpdater:CreatePreviewForAsset (UnityEngine.Object,UnityEngine.Object[],string)
 #25  (Mono JIT Code) (wrapper runtime-invoke) <Module>:runtime_invoke_object_object_object_object (object,intptr,intptr,intptr)
 #26 mono_jit_runtime_invoke
 #27 do_runtime_invoke
 #28 mono_runtime_invoke
 #29 scripting_method_invoke(ScriptingMethodPtr, ScriptingObjectPtr, ScriptingArguments&, ScriptingExceptionPtr*, bool)
 #30 ScriptingInvocation::Invoke(ScriptingExceptionPtr*, bool)
 #31 MonoCreateAssetPreview(Object*, core::vector<Object*, 0ul> const&, core::basic_string<char, core::StringStorageDefault<char>> const&)
 #32 PreviewImporter::GenerateAssetData(AssetImportContext&)
 #33 ImportToObjects(core::basic_string<char, core::StringStorageDefault<char>> const&, core::hash_map<AssetDatabase::ImporterID, ImporterInfo, core::hash<AssetDatabase::ImporterID>, std::__1::equal_to<AssetDatabase::ImporterID>> const&, core::vector<PostprocessorInfo, 0ul> const&, AssetResolveTracker const&, ImportAssetInputs const&, ImportAssetOutputs&, IImportProgress*)
 #34 ImportAsset(core::hash_map<AssetDatabase::ImporterID, ImporterInfo, core::hash<AssetDatabase::ImporterID>, std::__1::equal_to<AssetDatabase::ImporterID>> const&, core::vector<PostprocessorInfo, 0ul> const&, AssetResolveTracker const&, ImportAssetInputs const&, ImportAssetOutputs&, IImportProgress*)
 #35 ImportAssetWithAutoReleasePool(core::hash_map<AssetDatabase::ImporterID, ImporterInfo, core::hash<AssetDatabase::ImporterID>, std::__1::equal_to<AssetDatabase::ImporterID>> const&, core::vector<PostprocessorInfo, 0ul> const&, AssetResolveTracker const&, ImportAssetInputs const&, ImportAssetOutputs&, IImportProgress*)
 #36 AssetImportWorker::Import(AssetResolver&, ImportAssetInputs const&, WorkerImportResponse&, IImportProgress*, bool*)
 #37 invocation function for block in AssetImportWorkerClient::HandleMessage(ImportRequestMessage const&)::$_5::operator()() const
 #38 _dispatch_client_callout
 #39 _dispatch_async_and_wait_invoke
 #40 _dispatch_client_callout
 #41 _dispatch_main_queue_drain
 #42 _dispatch_main_queue_callback_4CF
 #43 __CFRUNLOOP_IS_SERVICING_THE_MAIN_DISPATCH_QUEUE__
 #44 __CFRunLoopRun
 #45 CFRunLoopRunSpecific
 #46 RunCurrentEventLoopInMode
 #47 ReceiveNextEventCommon
 #48 _BlockUntilNextEventMatchingListInModeWithFilter
 #49 _DPSNextEvent
 #50 -[NSApplication(NSEventRouting) _nextEventMatchingEventMask:untilDate:inMode:dequeue:]
 #51 -[NSApplication run]
 #52 NSApplicationMain
 #53 EditorMain(int, char const**)
 #54 main
 #55 start

 -> (artifact id: 'cf9a876ecdb1c0e5b73ef06c628eaae5') in 0.039141 seconds
Number of updated asset objects reloaded before import = 0
Number of asset objects unloaded after import = 65
========================================================================
Received Import Request.
  Time since last request: 6.012246 seconds.
  path: Assets/character/Player.prefab
  artifactKey: Guid(98b82b6b6eab04b22a0b02bfff8a233d) Importer(815301076,1909f56bfc062723c751e8b465ee728b)
Start importing Assets/character/Player.prefab using Guid(98b82b6b6eab04b22a0b02bfff8a233d) Importer(815301076,1909f56bfc062723c751e8b465ee728b) State "idle" in Controller "player" uses parameter "" which does not exist.
 #0 GetStacktrace(int)
 #1 DebugStringToFile(DebugStringToFileData const&)
 #2 AnimatorController::ValidateParameters()
 #3 AnimatorController::BuildAsset()
 #4 AnimatorController::GetAnimationSetBindings()
 #5 AnimatorControllerPlayable::GenerateGraph()
 #6 AnimatorControllerPlayable::SetAnimatorController(RuntimeAnimatorController*)
 #7 Animator::CreateInternalControllerPlayable()
 #8 Animator::AddToManager()
 #9 Animator::AwakeFromLoad(AwakeFromLoadMode)
 #10 AwakeFromLoadQueue::InvokeAwakeFromLoad(AwakeFromLoadQueue::Item*, unsigned int, AwakeFromLoadMode)
 #11 AwakeFromLoadQueue::AwakeFromLoadAllQueues(AwakeFromLoadMode, bool)
 #12 AwakeAndActivateClonedObjects(Object**, vector_map<int, int, std::__1::less<int>, stl_allocator<std::__1::pair<int, int>, (MemLabelIdentifier)1, 16>> const&)
 #13 InstantiateObjectRemoveAllNonAnimationComponents(Object&, Vector3f const&, Quaternionf const&)
 #14 EditorUtility_CUSTOM_Internal_InstantiateRemoveAllNonAnimationComponentsSingle_Injected(ScriptingBackendNativeObjectPtrOpaque*, Vector3f const&, Quaternionf const&)
 #15  (Mono JIT Code) (wrapper managed-to-native) UnityEditor.EditorUtility:Internal_InstantiateRemoveAllNonAnimationComponentsSingle_Injected (UnityEngine.Object,UnityEngine.Vector3&,UnityEngine.Quaternion&)
 #16  (Mono JIT Code) UnityEditor.EditorUtility:Internal_InstantiateRemoveAllNonAnimationComponentsSingle (UnityEngine.Object,UnityEngine.Vector3,UnityEngine.Quaternion)
 #17  (Mono JIT Code) [EditorUtility.cs:662] UnityEditor.EditorUtility:InstantiateRemoveAllNonAnimationComponents (UnityEngine.Object,UnityEngine.Vector3,UnityEngine.Quaternion)
 #18  (Mono JIT Code) [EditorUtility.cs:628] UnityEditor.EditorUtility:InstantiateForAnimatorPreview (UnityEngine.Object)
 #19  (Mono JIT Code) [GameObjectInspector.cs:129] UnityEditor.GameObjectInspector/PreviewData:UpdateGameObject (UnityEngine.Object)
 #20  (Mono JIT Code) [GameObjectInspector.cs:123] UnityEditor.GameObjectInspector/PreviewData:.ctor (UnityEngine.Object,bool)
 #21  (Mono JIT Code) [GameObjectInspector.cs:956] UnityEditor.GameObjectInspector:GetPreviewData (bool)
 #22  (Mono JIT Code) [GameObjectInspector.cs:1165] UnityEditor.GameObjectInspector:RenderStaticPreview (string,UnityEngine.Object[],int,int)
 #23  (Mono JIT Code) [AssetPreviewUpdater.cs:43] UnityEditor.AssetPreviewUpdater:CreatePreview (UnityEngine.Object,UnityEngine.Object[],string,int,int)
 #24  (Mono JIT Code) [AssetPreviewUpdater.cs:11] UnityEditor.AssetPreviewUpdater:CreatePreviewForAsset (UnityEngine.Object,UnityEngine.Object[],string)
 #25  (Mono JIT Code) (wrapper runtime-invoke) <Module>:runtime_invoke_object_object_object_object (object,intptr,intptr,intptr)
 #26 mono_jit_runtime_invoke
 #27 do_runtime_invoke
 #28 mono_runtime_invoke
 #29 scripting_method_invoke(ScriptingMethodPtr, ScriptingObjectPtr, ScriptingArguments&, ScriptingExceptionPtr*, bool)
 #30 ScriptingInvocation::Invoke(ScriptingExceptionPtr*, bool)
 #31 MonoCreateAssetPreview(Object*, core::vector<Object*, 0ul> const&, core::basic_string<char, core::StringStorageDefault<char>> const&)
 #32 PreviewImporter::GenerateAssetData(AssetImportContext&)
 #33 ImportToObjects(core::basic_string<char, core::StringStorageDefault<char>> const&, core::hash_map<AssetDatabase::ImporterID, ImporterInfo, core::hash<AssetDatabase::ImporterID>, std::__1::equal_to<AssetDatabase::ImporterID>> const&, core::vector<PostprocessorInfo, 0ul> const&, AssetResolveTracker const&, ImportAssetInputs const&, ImportAssetOutputs&, IImportProgress*)
 #34 ImportAsset(core::hash_map<AssetDatabase::ImporterID, ImporterInfo, core::hash<AssetDatabase::ImporterID>, std::__1::equal_to<AssetDatabase::ImporterID>> const&, core::vector<PostprocessorInfo, 0ul> const&, AssetResolveTracker const&, ImportAssetInputs const&, ImportAssetOutputs&, IImportProgress*)
 #35 ImportAssetWithAutoReleasePool(core::hash_map<AssetDatabase::ImporterID, ImporterInfo, core::hash<AssetDatabase::ImporterID>, std::__1::equal_to<AssetDatabase::ImporterID>> const&, core::vector<PostprocessorInfo, 0ul> const&, AssetResolveTracker const&, ImportAssetInputs const&, ImportAssetOutputs&, IImportProgress*)
 #36 AssetImportWorker::Import(AssetResolver&, ImportAssetInputs const&, WorkerImportResponse&, IImportProgress*, bool*)
 #37 invocation function for block in AssetImportWorkerClient::HandleMessage(ImportRequestMessage const&)::$_5::operator()() const
 #38 _dispatch_client_callout
 #39 _dispatch_async_and_wait_invoke
 #40 _dispatch_client_callout
 #41 _dispatch_main_queue_drain
 #42 _dispatch_main_queue_callback_4CF
 #43 __CFRUNLOOP_IS_SERVICING_THE_MAIN_DISPATCH_QUEUE__
 #44 __CFRunLoopRun
 #45 CFRunLoopRunSpecific
 #46 RunCurrentEventLoopInMode
 #47 ReceiveNextEventCommon
 #48 _BlockUntilNextEventMatchingListInModeWithFilter
 #49 _DPSNextEvent
 #50 -[NSApplication(NSEventRouting) _nextEventMatchingEventMask:untilDate:inMode:dequeue:]
 #51 -[NSApplication run]
 #52 NSApplicationMain
 #53 EditorMain(int, char const**)
 #54 main
 #55 start

 -> (artifact id: 'e2a654f3e1e9f08d8018d781745f7415') in 0.041247 seconds
Number of updated asset objects reloaded before import = 0
Number of asset objects unloaded after import = 65
========================================================================
Received Prepare
Begin MonoManager ReloadAssembly
Thread 0x32d3bb000 may have been prematurely finalized
- Loaded All Assemblies, in  0.401 seconds
Refreshing native plugins compatible for Editor in 2.03 ms, found 3 plugins.
Native extension for OSXStandalone target not found
Native extension for WebGL target not found
[Package Manager] Server::EnsureServerProcessIsRunning -- launch failed, reason: Unity was launched with the -noUpm command-line argument
[Package Manager] UpmClient::Send -- Unable to send message (not connected to UPM process).
[Package Manager] Cannot connect to Unity Package Manager local server
Mono: successfully reloaded assembly
[Package Manager] Server::EnsureServerProcessIsRunning -- launch failed, reason: Unity was launched with the -noUpm command-line argument
[Package Manager] UpmClient::Send -- Unable to send message (not connected to UPM process).
[Package Manager] Cannot connect to Unity Package Manager local server
- Finished resetting the current domain, in  1.254 seconds
Domain Reload Profiling: 1655ms
	BeginReloadAssembly (129ms)
		ExecutionOrderSort (0ms)
		DisableScriptedObjects (12ms)
		BackupInstance (0ms)
		ReleaseScriptingObjects (0ms)
		CreateAndSetChildDomain (51ms)
	RebuildCommonClasses (24ms)
	RebuildNativeTypeToScriptingClass (8ms)
	initialDomainReloadingComplete (18ms)
	LoadAllAssembliesAndSetupDomain (222ms)
		LoadAssemblies (235ms)
		RebuildTransferFunctionScriptingTraits (0ms)
		AnalyzeDomain (22ms)
			TypeCache.Refresh (14ms)
				TypeCache.ScanAssembly (0ms)
			ScanForSourceGeneratedMonoScriptInfo (0ms)
			ResolveRequiredComponents (7ms)
	FinalizeReload (1254ms)
		ReleaseScriptCaches (0ms)
		RebuildScriptCaches (0ms)
		SetupLoadedEditorAssemblies (533ms)
			LogAssemblyErrors (0ms)
			InitializePlatformSupportModulesInManaged (8ms)
			SetLoadedEditorAssemblies (6ms)
			RefreshPlugins (0ms)
			BeforeProcessingInitializeOnLoad (85ms)
			ProcessInitializeOnLoadAttributes (410ms)
			ProcessInitializeOnLoadMethodAttributes (24ms)
			AfterProcessingInitializeOnLoad (1ms)
			EditorAssembliesLoaded (0ms)
		ExecutionOrderSort2 (0ms)
		AwakeInstancesAfterBackupRestoration (7ms)
Refreshing native plugins compatible for Editor in 2.33 ms, found 3 plugins.
Preloading 0 native plugins for Editor in 0.00 ms.
Unloading 4673 Unused Serialized files (Serialized files now loaded: 0)
Unloading 49 unused Assets / (41.9 KB). Loaded Objects now: 5164.
Memory consumption went from 184.8 MB to 184.7 MB.
Total: 3.637166 ms (FindLiveObjects: 0.266667 ms CreateObjectMapping: 0.084250 ms MarkObjects: 3.195541 ms  DeleteObjects: 0.090208 ms)

Prepare: number of updated asset objects reloaded= 0
AssetImportParameters requested are different than current active one (requested -> active):
  custom:container-demuxer-ogg: 62fdf1f143b41e24485cea50d1cbac27 -> 
  custom:video-decoder-ogg-theora: a1e56fd34408186e4bbccfd4996cb3dc -> 
  custom:CustomObjectIndexerAttribute: 9a22284fe3817be447336de3de66b15e -> 
  custom:container-demuxer-webm: 4f35f7cbe854078d1ac9338744f61a02 -> 
  custom:container-muxer-webm: aa71ff27fc2769a1b78a27578f13a17b -> 
  custom:video-decoder-webm-vp8: 9c59270c3fd7afecdb556c50c9e8de78 -> 
  custom:SearchIndexIgnoredProperties: e643bd26f0fe6173181afceb89e7c659 -> 
  custom:AudioImporter_EditorPlatform: 3918e3fc78b5a79bad01e8451be0beb8 -> 
  custom:framework-osx-AVFoundation: e770b220cccbd017edd2c1fefb359320 -> 
  custom:video-encoder-webm-vp8: eb34c28f22e8b96e1ab97ce403110664 -> 
  custom:audio-decoder-ogg-vorbis: bf7c407c2cedff20999df2af8eb42d56 -> 
  custom:audio-encoder-webm-vorbis: bf7c407c2cedff20999df2af8eb42d56 -> 
========================================================================
Received Import Request.
  Time since last request: 28.281620 seconds.
  path: Assets/character/Player.prefab
  artifactKey: Guid(98b82b6b6eab04b22a0b02bfff8a233d) Importer(815301076,1909f56bfc062723c751e8b465ee728b)
Start importing Assets/character/Player.prefab using Guid(98b82b6b6eab04b22a0b02bfff8a233d) Importer(815301076,1909f56bfc062723c751e8b465ee728b) State "idle" in Controller "player" uses parameter "" which does not exist.
 #0 GetStacktrace(int)
 #1 DebugStringToFile(DebugStringToFileData const&)
 #2 AnimatorController::ValidateParameters()
 #3 AnimatorController::BuildAsset()
 #4 AnimatorController::GetAnimationSetBindings()
 #5 AnimatorControllerPlayable::GenerateGraph()
 #6 AnimatorControllerPlayable::SetAnimatorController(RuntimeAnimatorController*)
 #7 Animator::CreateInternalControllerPlayable()
 #8 Animator::AddToManager()
 #9 Animator::AwakeFromLoad(AwakeFromLoadMode)
 #10 AwakeFromLoadQueue::InvokeAwakeFromLoad(AwakeFromLoadQueue::Item*, unsigned int, AwakeFromLoadMode)
 #11 AwakeFromLoadQueue::AwakeFromLoadAllQueues(AwakeFromLoadMode, bool)
 #12 AwakeAndActivateClonedObjects(Object**, vector_map<int, int, std::__1::less<int>, stl_allocator<std::__1::pair<int, int>, (MemLabelIdentifier)1, 16>> const&)
 #13 InstantiateObjectRemoveAllNonAnimationComponents(Object&, Vector3f const&, Quaternionf const&)
 #14 EditorUtility_CUSTOM_Internal_InstantiateRemoveAllNonAnimationComponentsSingle_Injected(ScriptingBackendNativeObjectPtrOpaque*, Vector3f const&, Quaternionf const&)
 #15  (Mono JIT Code) (wrapper managed-to-native) UnityEditor.EditorUtility:Internal_InstantiateRemoveAllNonAnimationComponentsSingle_Injected (UnityEngine.Object,UnityEngine.Vector3&,UnityEngine.Quaternion&)
 #16  (Mono JIT Code) UnityEditor.EditorUtility:Internal_InstantiateRemoveAllNonAnimationComponentsSingle (UnityEngine.Object,UnityEngine.Vector3,UnityEngine.Quaternion)
 #17  (Mono JIT Code) [EditorUtility.cs:662] UnityEditor.EditorUtility:InstantiateRemoveAllNonAnimationComponents (UnityEngine.Object,UnityEngine.Vector3,UnityEngine.Quaternion)
 #18  (Mono JIT Code) [EditorUtility.cs:628] UnityEditor.EditorUtility:InstantiateForAnimatorPreview (UnityEngine.Object)
 #19  (Mono JIT Code) [GameObjectInspector.cs:129] UnityEditor.GameObjectInspector/PreviewData:UpdateGameObject (UnityEngine.Object)
 #20  (Mono JIT Code) [GameObjectInspector.cs:123] UnityEditor.GameObjectInspector/PreviewData:.ctor (UnityEngine.Object,bool)
 #21  (Mono JIT Code) [GameObjectInspector.cs:956] UnityEditor.GameObjectInspector:GetPreviewData (bool)
 #22  (Mono JIT Code) [GameObjectInspector.cs:1165] UnityEditor.GameObjectInspector:RenderStaticPreview (string,UnityEngine.Object[],int,int)
 #23  (Mono JIT Code) [AssetPreviewUpdater.cs:43] UnityEditor.AssetPreviewUpdater:CreatePreview (UnityEngine.Object,UnityEngine.Object[],string,int,int)
 #24  (Mono JIT Code) [AssetPreviewUpdater.cs:11] UnityEditor.AssetPreviewUpdater:CreatePreviewForAsset (UnityEngine.Object,UnityEngine.Object[],string)
 #25  (Mono JIT Code) (wrapper runtime-invoke) <Module>:runtime_invoke_object_object_object_object (object,intptr,intptr,intptr)
 #26 mono_jit_runtime_invoke
 #27 do_runtime_invoke
 #28 mono_runtime_invoke
 #29 scripting_method_invoke(ScriptingMethodPtr, ScriptingObjectPtr, ScriptingArguments&, ScriptingExceptionPtr*, bool)
 #30 ScriptingInvocation::Invoke(ScriptingExceptionPtr*, bool)
 #31 MonoCreateAssetPreview(Object*, core::vector<Object*, 0ul> const&, core::basic_string<char, core::StringStorageDefault<char>> const&)
 #32 PreviewImporter::GenerateAssetData(AssetImportContext&)
 #33 ImportToObjects(core::basic_string<char, core::StringStorageDefault<char>> const&, core::hash_map<AssetDatabase::ImporterID, ImporterInfo, core::hash<AssetDatabase::ImporterID>, std::__1::equal_to<AssetDatabase::ImporterID>> const&, core::vector<PostprocessorInfo, 0ul> const&, AssetResolveTracker const&, ImportAssetInputs const&, ImportAssetOutputs&, IImportProgress*)
 #34 ImportAsset(core::hash_map<AssetDatabase::ImporterID, ImporterInfo, core::hash<AssetDatabase::ImporterID>, std::__1::equal_to<AssetDatabase::ImporterID>> const&, core::vector<PostprocessorInfo, 0ul> const&, AssetResolveTracker const&, ImportAssetInputs const&, ImportAssetOutputs&, IImportProgress*)
 #35 ImportAssetWithAutoReleasePool(core::hash_map<AssetDatabase::ImporterID, ImporterInfo, core::hash<AssetDatabase::ImporterID>, std::__1::equal_to<AssetDatabase::ImporterID>> const&, core::vector<PostprocessorInfo, 0ul> const&, AssetResolveTracker const&, ImportAssetInputs const&, ImportAssetOutputs&, IImportProgress*)
 #36 AssetImportWorker::Import(AssetResolver&, ImportAssetInputs const&, WorkerImportResponse&, IImportProgress*, bool*)
 #37 invocation function for block in AssetImportWorkerClient::HandleMessage(ImportRequestMessage const&)::$_5::operator()() const
 #38 _dispatch_client_callout
 #39 _dispatch_async_and_wait_invoke
 #40 _dispatch_client_callout
 #41 _dispatch_main_queue_drain
 #42 _dispatch_main_queue_callback_4CF
 #43 __CFRUNLOOP_IS_SERVICING_THE_MAIN_DISPATCH_QUEUE__
 #44 __CFRunLoopRun
 #45 CFRunLoopRunSpecific
 #46 RunCurrentEventLoopInMode
 #47 ReceiveNextEventCommon
 #48 _BlockUntilNextEventMatchingListInModeWithFilter
 #49 _DPSNextEvent
 #50 -[NSApplication(NSEventRouting) _nextEventMatchingEventMask:untilDate:inMode:dequeue:]
 #51 -[NSApplication run]
 #52 NSApplicationMain
 #53 EditorMain(int, char const**)
 #54 main
 #55 start

 -> (artifact id: '85e533f6cec11ea3266cc32379e7c082') in 0.175208 seconds
Number of updated asset objects reloaded before import = 0
Number of asset objects unloaded after import = 65
========================================================================
Received Prepare
Begin MonoManager ReloadAssembly
Thread 0x30449f000 may have been prematurely finalized
- Loaded All Assemblies, in  0.362 seconds
Refreshing native plugins compatible for Editor in 1.88 ms, found 3 plugins.
Native extension for OSXStandalone target not found
Native extension for WebGL target not found
[Package Manager] Server::EnsureServerProcessIsRunning -- launch failed, reason: Unity was launched with the -noUpm command-line argument
[Package Manager] UpmClient::Send -- Unable to send message (not connected to UPM process).
[Package Manager] Cannot connect to Unity Package Manager local server
Mono: successfully reloaded assembly
[Package Manager] Server::EnsureServerProcessIsRunning -- launch failed, reason: Unity was launched with the -noUpm command-line argument
[Package Manager] UpmClient::Send -- Unable to send message (not connected to UPM process).
[Package Manager] Cannot connect to Unity Package Manager local server
- Finished resetting the current domain, in  1.087 seconds
Domain Reload Profiling: 1450ms
	BeginReloadAssembly (124ms)
		ExecutionOrderSort (0ms)
		DisableScriptedObjects (8ms)
		BackupInstance (0ms)
		ReleaseScriptingObjects (0ms)
		CreateAndSetChildDomain (58ms)
	RebuildCommonClasses (23ms)
	RebuildNativeTypeToScriptingClass (8ms)
	initialDomainReloadingComplete (19ms)
	LoadAllAssembliesAndSetupDomain (188ms)
		LoadAssemblies (204ms)
		RebuildTransferFunctionScriptingTraits (0ms)
		AnalyzeDomain (18ms)
			TypeCache.Refresh (12ms)
				TypeCache.ScanAssembly (0ms)
			ScanForSourceGeneratedMonoScriptInfo (0ms)
			ResolveRequiredComponents (5ms)
	FinalizeReload (1087ms)
		ReleaseScriptCaches (0ms)
		RebuildScriptCaches (0ms)
		SetupLoadedEditorAssemblies (485ms)
			LogAssemblyErrors (0ms)
			InitializePlatformSupportModulesInManaged (5ms)
			SetLoadedEditorAssemblies (4ms)
			RefreshPlugins (0ms)
			BeforeProcessingInitializeOnLoad (74ms)
			ProcessInitializeOnLoadAttributes (376ms)
			ProcessInitializeOnLoadMethodAttributes (24ms)
			AfterProcessingInitializeOnLoad (1ms)
			EditorAssembliesLoaded (0ms)
		ExecutionOrderSort2 (0ms)
		AwakeInstancesAfterBackupRestoration (7ms)
Refreshing native plugins compatible for Editor in 2.43 ms, found 3 plugins.
Preloading 0 native plugins for Editor in 0.00 ms.
Unloading 4673 Unused Serialized files (Serialized files now loaded: 0)
Unloading 49 unused Assets / (43.0 KB). Loaded Objects now: 5168.
Memory consumption went from 198.9 MB to 198.9 MB.
Total: 3.990583 ms (FindLiveObjects: 0.172917 ms CreateObjectMapping: 0.065958 ms MarkObjects: 3.666542 ms  DeleteObjects: 0.084625 ms)

Prepare: number of updated asset objects reloaded= 0
AssetImportParameters requested are different than current active one (requested -> active):
  custom:container-demuxer-ogg: 62fdf1f143b41e24485cea50d1cbac27 -> 
  custom:video-decoder-ogg-theora: a1e56fd34408186e4bbccfd4996cb3dc -> 
  custom:CustomObjectIndexerAttribute: 9a22284fe3817be447336de3de66b15e -> 
  custom:container-demuxer-webm: 4f35f7cbe854078d1ac9338744f61a02 -> 
  custom:container-muxer-webm: aa71ff27fc2769a1b78a27578f13a17b -> 
  custom:video-decoder-webm-vp8: 9c59270c3fd7afecdb556c50c9e8de78 -> 
  custom:SearchIndexIgnoredProperties: e643bd26f0fe6173181afceb89e7c659 -> 
  custom:AudioImporter_EditorPlatform: 3918e3fc78b5a79bad01e8451be0beb8 -> 
  custom:framework-osx-AVFoundation: e770b220cccbd017edd2c1fefb359320 -> 
  custom:video-encoder-webm-vp8: eb34c28f22e8b96e1ab97ce403110664 -> 
  custom:audio-decoder-ogg-vorbis: bf7c407c2cedff20999df2af8eb42d56 -> 
  custom:audio-encoder-webm-vorbis: bf7c407c2cedff20999df2af8eb42d56 -> 
========================================================================
Received Prepare
Begin MonoManager ReloadAssembly
Thread 0x30449f000 may have been prematurely finalized
- Loaded All Assemblies, in  0.381 seconds
Refreshing native plugins compatible for Editor in 5.06 ms, found 3 plugins.
Native extension for OSXStandalone target not found
Native extension for WebGL target not found
[Package Manager] Server::EnsureServerProcessIsRunning -- launch failed, reason: Unity was launched with the -noUpm command-line argument
[Package Manager] UpmClient::Send -- Unable to send message (not connected to UPM process).
[Package Manager] Cannot connect to Unity Package Manager local server
Mono: successfully reloaded assembly
[Package Manager] Server::EnsureServerProcessIsRunning -- launch failed, reason: Unity was launched with the -noUpm command-line argument
[Package Manager] UpmClient::Send -- Unable to send message (not connected to UPM process).
[Package Manager] Cannot connect to Unity Package Manager local server
- Finished resetting the current domain, in  1.129 seconds
Domain Reload Profiling: 1510ms
	BeginReloadAssembly (125ms)
		ExecutionOrderSort (0ms)
		DisableScriptedObjects (11ms)
		BackupInstance (0ms)
		ReleaseScriptingObjects (0ms)
		CreateAndSetChildDomain (51ms)
	RebuildCommonClasses (23ms)
	RebuildNativeTypeToScriptingClass (8ms)
	initialDomainReloadingComplete (16ms)
	LoadAllAssembliesAndSetupDomain (208ms)
		LoadAssemblies (212ms)
		RebuildTransferFunctionScriptingTraits (0ms)
		AnalyzeDomain (30ms)
			TypeCache.Refresh (24ms)
				TypeCache.ScanAssembly (0ms)
			ScanForSourceGeneratedMonoScriptInfo (0ms)
			ResolveRequiredComponents (5ms)
	FinalizeReload (1129ms)
		ReleaseScriptCaches (0ms)
		RebuildScriptCaches (0ms)
		SetupLoadedEditorAssemblies (460ms)
			LogAssemblyErrors (0ms)
			InitializePlatformSupportModulesInManaged (4ms)
			SetLoadedEditorAssemblies (4ms)
			RefreshPlugins (0ms)
			BeforeProcessingInitializeOnLoad (72ms)
			ProcessInitializeOnLoadAttributes (357ms)
			ProcessInitializeOnLoadMethodAttributes (22ms)
			AfterProcessingInitializeOnLoad (1ms)
			EditorAssembliesLoaded (0ms)
		ExecutionOrderSort2 (0ms)
		AwakeInstancesAfterBackupRestoration (6ms)
Refreshing native plugins compatible for Editor in 2.01 ms, found 3 plugins.
Preloading 0 native plugins for Editor in 0.00 ms.
Unloading 4674 Unused Serialized files (Serialized files now loaded: 0)
Unloading 49 unused Assets / (43.0 KB). Loaded Objects now: 5172.
Memory consumption went from 213.0 MB to 213.0 MB.
Total: 3.663417 ms (FindLiveObjects: 0.164208 ms CreateObjectMapping: 0.065291 ms MarkObjects: 3.376542 ms  DeleteObjects: 0.056917 ms)

Prepare: number of updated asset objects reloaded= 0
AssetImportParameters requested are different than current active one (requested -> active):
  custom:container-demuxer-ogg: 62fdf1f143b41e24485cea50d1cbac27 -> 
  custom:video-decoder-ogg-theora: a1e56fd34408186e4bbccfd4996cb3dc -> 
  custom:CustomObjectIndexerAttribute: 9a22284fe3817be447336de3de66b15e -> 
  custom:container-demuxer-webm: 4f35f7cbe854078d1ac9338744f61a02 -> 
  custom:container-muxer-webm: aa71ff27fc2769a1b78a27578f13a17b -> 
  custom:video-decoder-webm-vp8: 9c59270c3fd7afecdb556c50c9e8de78 -> 
  custom:SearchIndexIgnoredProperties: e643bd26f0fe6173181afceb89e7c659 -> 
  custom:AudioImporter_EditorPlatform: 3918e3fc78b5a79bad01e8451be0beb8 -> 
  custom:framework-osx-AVFoundation: e770b220cccbd017edd2c1fefb359320 -> 
  custom:video-encoder-webm-vp8: eb34c28f22e8b96e1ab97ce403110664 -> 
  custom:audio-decoder-ogg-vorbis: bf7c407c2cedff20999df2af8eb42d56 -> 
  custom:audio-encoder-webm-vorbis: bf7c407c2cedff20999df2af8eb42d56 -> 
========================================================================
Received Import Request.
  Time since last request: 87.073854 seconds.
  path: Assets/character/Player.prefab
  artifactKey: Guid(98b82b6b6eab04b22a0b02bfff8a233d) Importer(815301076,1909f56bfc062723c751e8b465ee728b)
Start importing Assets/character/Player.prefab using Guid(98b82b6b6eab04b22a0b02bfff8a233d) Importer(815301076,1909f56bfc062723c751e8b465ee728b) State "idle" in Controller "player" uses parameter "" which does not exist.
 #0 GetStacktrace(int)
 #1 DebugStringToFile(DebugStringToFileData const&)
 #2 AnimatorController::ValidateParameters()
 #3 AnimatorController::BuildAsset()
 #4 AnimatorController::GetAnimationSetBindings()
 #5 AnimatorControllerPlayable::GenerateGraph()
 #6 AnimatorControllerPlayable::SetAnimatorController(RuntimeAnimatorController*)
 #7 Animator::CreateInternalControllerPlayable()
 #8 Animator::AddToManager()
 #9 Animator::AwakeFromLoad(AwakeFromLoadMode)
 #10 AwakeFromLoadQueue::InvokeAwakeFromLoad(AwakeFromLoadQueue::Item*, unsigned int, AwakeFromLoadMode)
 #11 AwakeFromLoadQueue::AwakeFromLoadAllQueues(AwakeFromLoadMode, bool)
 #12 AwakeAndActivateClonedObjects(Object**, vector_map<int, int, std::__1::less<int>, stl_allocator<std::__1::pair<int, int>, (MemLabelIdentifier)1, 16>> const&)
 #13 InstantiateObjectRemoveAllNonAnimationComponents(Object&, Vector3f const&, Quaternionf const&)
 #14 EditorUtility_CUSTOM_Internal_InstantiateRemoveAllNonAnimationComponentsSingle_Injected(ScriptingBackendNativeObjectPtrOpaque*, Vector3f const&, Quaternionf const&)
 #15  (Mono JIT Code) (wrapper managed-to-native) UnityEditor.EditorUtility:Internal_InstantiateRemoveAllNonAnimationComponentsSingle_Injected (UnityEngine.Object,UnityEngine.Vector3&,UnityEngine.Quaternion&)
 #16  (Mono JIT Code) UnityEditor.EditorUtility:Internal_InstantiateRemoveAllNonAnimationComponentsSingle (UnityEngine.Object,UnityEngine.Vector3,UnityEngine.Quaternion)
 #17  (Mono JIT Code) [EditorUtility.cs:662] UnityEditor.EditorUtility:InstantiateRemoveAllNonAnimationComponents (UnityEngine.Object,UnityEngine.Vector3,UnityEngine.Quaternion)
 #18  (Mono JIT Code) [EditorUtility.cs:628] UnityEditor.EditorUtility:InstantiateForAnimatorPreview (UnityEngine.Object)
 #19  (Mono JIT Code) [GameObjectInspector.cs:129] UnityEditor.GameObjectInspector/PreviewData:UpdateGameObject (UnityEngine.Object)
 #20  (Mono JIT Code) [GameObjectInspector.cs:123] UnityEditor.GameObjectInspector/PreviewData:.ctor (UnityEngine.Object,bool)
 #21  (Mono JIT Code) [GameObjectInspector.cs:956] UnityEditor.GameObjectInspector:GetPreviewData (bool)
 #22  (Mono JIT Code) [GameObjectInspector.cs:1165] UnityEditor.GameObjectInspector:RenderStaticPreview (string,UnityEngine.Object[],int,int)
 #23  (Mono JIT Code) [AssetPreviewUpdater.cs:43] UnityEditor.AssetPreviewUpdater:CreatePreview (UnityEngine.Object,UnityEngine.Object[],string,int,int)
 #24  (Mono JIT Code) [AssetPreviewUpdater.cs:11] UnityEditor.AssetPreviewUpdater:CreatePreviewForAsset (UnityEngine.Object,UnityEngine.Object[],string)
 #25  (Mono JIT Code) (wrapper runtime-invoke) <Module>:runtime_invoke_object_object_object_object (object,intptr,intptr,intptr)
 #26 mono_jit_runtime_invoke
 #27 do_runtime_invoke
 #28 mono_runtime_invoke
 #29 scripting_method_invoke(ScriptingMethodPtr, ScriptingObjectPtr, ScriptingArguments&, ScriptingExceptionPtr*, bool)
 #30 ScriptingInvocation::Invoke(ScriptingExceptionPtr*, bool)
 #31 MonoCreateAssetPreview(Object*, core::vector<Object*, 0ul> const&, core::basic_string<char, core::StringStorageDefault<char>> const&)
 #32 PreviewImporter::GenerateAssetData(AssetImportContext&)
 #33 ImportToObjects(core::basic_string<char, core::StringStorageDefault<char>> const&, core::hash_map<AssetDatabase::ImporterID, ImporterInfo, core::hash<AssetDatabase::ImporterID>, std::__1::equal_to<AssetDatabase::ImporterID>> const&, core::vector<PostprocessorInfo, 0ul> const&, AssetResolveTracker const&, ImportAssetInputs const&, ImportAssetOutputs&, IImportProgress*)
 #34 ImportAsset(core::hash_map<AssetDatabase::ImporterID, ImporterInfo, core::hash<AssetDatabase::ImporterID>, std::__1::equal_to<AssetDatabase::ImporterID>> const&, core::vector<PostprocessorInfo, 0ul> const&, AssetResolveTracker const&, ImportAssetInputs const&, ImportAssetOutputs&, IImportProgress*)
 #35 ImportAssetWithAutoReleasePool(core::hash_map<AssetDatabase::ImporterID, ImporterInfo, core::hash<AssetDatabase::ImporterID>, std::__1::equal_to<AssetDatabase::ImporterID>> const&, core::vector<PostprocessorInfo, 0ul> const&, AssetResolveTracker const&, ImportAssetInputs const&, ImportAssetOutputs&, IImportProgress*)
 #36 AssetImportWorker::Import(AssetResolver&, ImportAssetInputs const&, WorkerImportResponse&, IImportProgress*, bool*)
 #37 invocation function for block in AssetImportWorkerClient::HandleMessage(ImportRequestMessage const&)::$_5::operator()() const
 #38 _dispatch_client_callout
 #39 _dispatch_async_and_wait_invoke
 #40 _dispatch_client_callout
 #41 _dispatch_main_queue_drain
 #42 _dispatch_main_queue_callback_4CF
 #43 __CFRUNLOOP_IS_SERVICING_THE_MAIN_DISPATCH_QUEUE__
 #44 __CFRunLoopRun
 #45 CFRunLoopRunSpecific
 #46 RunCurrentEventLoopInMode
 #47 ReceiveNextEventCommon
 #48 _BlockUntilNextEventMatchingListInModeWithFilter
 #49 _DPSNextEvent
 #50 -[NSApplication(NSEventRouting) _nextEventMatchingEventMask:untilDate:inMode:dequeue:]
 #51 -[NSApplication run]
 #52 NSApplicationMain
 #53 EditorMain(int, char const**)
 #54 main
 #55 start

 -> (artifact id: '7b2327ac779c6ae2ea5718c4bf1887c1') in 0.182699 seconds
Number of updated asset objects reloaded before import = 0
Number of asset objects unloaded after import = 65
========================================================================
Received Import Request.
  Time since last request: 0.399967 seconds.
  path: Assets/character/Player.prefab
  artifactKey: Guid(98b82b6b6eab04b22a0b02bfff8a233d) Importer(815301076,1909f56bfc062723c751e8b465ee728b)
Start importing Assets/character/Player.prefab using Guid(98b82b6b6eab04b22a0b02bfff8a233d) Importer(815301076,1909f56bfc062723c751e8b465ee728b) State "idle" in Controller "player" uses parameter "" which does not exist.
 #0 GetStacktrace(int)
 #1 DebugStringToFile(DebugStringToFileData const&)
 #2 AnimatorController::ValidateParameters()
 #3 AnimatorController::BuildAsset()
 #4 AnimatorController::GetAnimationSetBindings()
 #5 AnimatorControllerPlayable::GenerateGraph()
 #6 AnimatorControllerPlayable::SetAnimatorController(RuntimeAnimatorController*)
 #7 Animator::CreateInternalControllerPlayable()
 #8 Animator::AddToManager()
 #9 Animator::AwakeFromLoad(AwakeFromLoadMode)
 #10 AwakeFromLoadQueue::InvokeAwakeFromLoad(AwakeFromLoadQueue::Item*, unsigned int, AwakeFromLoadMode)
 #11 AwakeFromLoadQueue::AwakeFromLoadAllQueues(AwakeFromLoadMode, bool)
 #12 AwakeAndActivateClonedObjects(Object**, vector_map<int, int, std::__1::less<int>, stl_allocator<std::__1::pair<int, int>, (MemLabelIdentifier)1, 16>> const&)
 #13 InstantiateObjectRemoveAllNonAnimationComponents(Object&, Vector3f const&, Quaternionf const&)
 #14 EditorUtility_CUSTOM_Internal_InstantiateRemoveAllNonAnimationComponentsSingle_Injected(ScriptingBackendNativeObjectPtrOpaque*, Vector3f const&, Quaternionf const&)
 #15  (Mono JIT Code) (wrapper managed-to-native) UnityEditor.EditorUtility:Internal_InstantiateRemoveAllNonAnimationComponentsSingle_Injected (UnityEngine.Object,UnityEngine.Vector3&,UnityEngine.Quaternion&)
 #16  (Mono JIT Code) UnityEditor.EditorUtility:Internal_InstantiateRemoveAllNonAnimationComponentsSingle (UnityEngine.Object,UnityEngine.Vector3,UnityEngine.Quaternion)
 #17  (Mono JIT Code) [EditorUtility.cs:662] UnityEditor.EditorUtility:InstantiateRemoveAllNonAnimationComponents (UnityEngine.Object,UnityEngine.Vector3,UnityEngine.Quaternion)
 #18  (Mono JIT Code) [EditorUtility.cs:628] UnityEditor.EditorUtility:InstantiateForAnimatorPreview (UnityEngine.Object)
 #19  (Mono JIT Code) [GameObjectInspector.cs:129] UnityEditor.GameObjectInspector/PreviewData:UpdateGameObject (UnityEngine.Object)
 #20  (Mono JIT Code) [GameObjectInspector.cs:123] UnityEditor.GameObjectInspector/PreviewData:.ctor (UnityEngine.Object,bool)
 #21  (Mono JIT Code) [GameObjectInspector.cs:956] UnityEditor.GameObjectInspector:GetPreviewData (bool)
 #22  (Mono JIT Code) [GameObjectInspector.cs:1165] UnityEditor.GameObjectInspector:RenderStaticPreview (string,UnityEngine.Object[],int,int)
 #23  (Mono JIT Code) [AssetPreviewUpdater.cs:43] UnityEditor.AssetPreviewUpdater:CreatePreview (UnityEngine.Object,UnityEngine.Object[],string,int,int)
 #24  (Mono JIT Code) [AssetPreviewUpdater.cs:11] UnityEditor.AssetPreviewUpdater:CreatePreviewForAsset (UnityEngine.Object,UnityEngine.Object[],string)
 #25  (Mono JIT Code) (wrapper runtime-invoke) <Module>:runtime_invoke_object_object_object_object (object,intptr,intptr,intptr)
 #26 mono_jit_runtime_invoke
 #27 do_runtime_invoke
 #28 mono_runtime_invoke
 #29 scripting_method_invoke(ScriptingMethodPtr, ScriptingObjectPtr, ScriptingArguments&, ScriptingExceptionPtr*, bool)
 #30 ScriptingInvocation::Invoke(ScriptingExceptionPtr*, bool)
 #31 MonoCreateAssetPreview(Object*, core::vector<Object*, 0ul> const&, core::basic_string<char, core::StringStorageDefault<char>> const&)
 #32 PreviewImporter::GenerateAssetData(AssetImportContext&)
 #33 ImportToObjects(core::basic_string<char, core::StringStorageDefault<char>> const&, core::hash_map<AssetDatabase::ImporterID, ImporterInfo, core::hash<AssetDatabase::ImporterID>, std::__1::equal_to<AssetDatabase::ImporterID>> const&, core::vector<PostprocessorInfo, 0ul> const&, AssetResolveTracker const&, ImportAssetInputs const&, ImportAssetOutputs&, IImportProgress*)
 #34 ImportAsset(core::hash_map<AssetDatabase::ImporterID, ImporterInfo, core::hash<AssetDatabase::ImporterID>, std::__1::equal_to<AssetDatabase::ImporterID>> const&, core::vector<PostprocessorInfo, 0ul> const&, AssetResolveTracker const&, ImportAssetInputs const&, ImportAssetOutputs&, IImportProgress*)
 #35 ImportAssetWithAutoReleasePool(core::hash_map<AssetDatabase::ImporterID, ImporterInfo, core::hash<AssetDatabase::ImporterID>, std::__1::equal_to<AssetDatabase::ImporterID>> const&, core::vector<PostprocessorInfo, 0ul> const&, AssetResolveTracker const&, ImportAssetInputs const&, ImportAssetOutputs&, IImportProgress*)
 #36 AssetImportWorker::Import(AssetResolver&, ImportAssetInputs const&, WorkerImportResponse&, IImportProgress*, bool*)
 #37 invocation function for block in AssetImportWorkerClient::HandleMessage(ImportRequestMessage const&)::$_5::operator()() const
 #38 _dispatch_client_callout
 #39 _dispatch_async_and_wait_invoke
 #40 _dispatch_client_callout
 #41 _dispatch_main_queue_drain
 #42 _dispatch_main_queue_callback_4CF
 #43 __CFRUNLOOP_IS_SERVICING_THE_MAIN_DISPATCH_QUEUE__
 #44 __CFRunLoopRun
 #45 CFRunLoopRunSpecific
 #46 RunCurrentEventLoopInMode
 #47 ReceiveNextEventCommon
 #48 _BlockUntilNextEventMatchingListInModeWithFilter
 #49 _DPSNextEvent
 #50 -[NSApplication(NSEventRouting) _nextEventMatchingEventMask:untilDate:inMode:dequeue:]
 #51 -[NSApplication run]
 #52 NSApplicationMain
 #53 EditorMain(int, char const**)
 #54 main
 #55 start

 -> (artifact id: '87fdfc3875ccd86bc115f40ebec285c0') in 0.049392 seconds
Number of updated asset objects reloaded before import = 0
Number of asset objects unloaded after import = 65
========================================================================
Received Import Request.
  Time since last request: 2.839802 seconds.
  path: Assets/character/Player.prefab
  artifactKey: Guid(98b82b6b6eab04b22a0b02bfff8a233d) Importer(815301076,1909f56bfc062723c751e8b465ee728b)
Start importing Assets/character/Player.prefab using Guid(98b82b6b6eab04b22a0b02bfff8a233d) Importer(815301076,1909f56bfc062723c751e8b465ee728b) State "idle" in Controller "player" uses parameter "" which does not exist.
 #0 GetStacktrace(int)
 #1 DebugStringToFile(DebugStringToFileData const&)
 #2 AnimatorController::ValidateParameters()
 #3 AnimatorController::BuildAsset()
 #4 AnimatorController::GetAnimationSetBindings()
 #5 AnimatorControllerPlayable::GenerateGraph()
 #6 AnimatorControllerPlayable::SetAnimatorController(RuntimeAnimatorController*)
 #7 Animator::CreateInternalControllerPlayable()
 #8 Animator::AddToManager()
 #9 Animator::AwakeFromLoad(AwakeFromLoadMode)
 #10 AwakeFromLoadQueue::InvokeAwakeFromLoad(AwakeFromLoadQueue::Item*, unsigned int, AwakeFromLoadMode)
 #11 AwakeFromLoadQueue::AwakeFromLoadAllQueues(AwakeFromLoadMode, bool)
 #12 AwakeAndActivateClonedObjects(Object**, vector_map<int, int, std::__1::less<int>, stl_allocator<std::__1::pair<int, int>, (MemLabelIdentifier)1, 16>> const&)
 #13 InstantiateObjectRemoveAllNonAnimationComponents(Object&, Vector3f const&, Quaternionf const&)
 #14 EditorUtility_CUSTOM_Internal_InstantiateRemoveAllNonAnimationComponentsSingle_Injected(ScriptingBackendNativeObjectPtrOpaque*, Vector3f const&, Quaternionf const&)
 #15  (Mono JIT Code) (wrapper managed-to-native) UnityEditor.EditorUtility:Internal_InstantiateRemoveAllNonAnimationComponentsSingle_Injected (UnityEngine.Object,UnityEngine.Vector3&,UnityEngine.Quaternion&)
 #16  (Mono JIT Code) UnityEditor.EditorUtility:Internal_InstantiateRemoveAllNonAnimationComponentsSingle (UnityEngine.Object,UnityEngine.Vector3,UnityEngine.Quaternion)
 #17  (Mono JIT Code) [EditorUtility.cs:662] UnityEditor.EditorUtility:InstantiateRemoveAllNonAnimationComponents (UnityEngine.Object,UnityEngine.Vector3,UnityEngine.Quaternion)
 #18  (Mono JIT Code) [EditorUtility.cs:628] UnityEditor.EditorUtility:InstantiateForAnimatorPreview (UnityEngine.Object)
 #19  (Mono JIT Code) [GameObjectInspector.cs:129] UnityEditor.GameObjectInspector/PreviewData:UpdateGameObject (UnityEngine.Object)
 #20  (Mono JIT Code) [GameObjectInspector.cs:123] UnityEditor.GameObjectInspector/PreviewData:.ctor (UnityEngine.Object,bool)
 #21  (Mono JIT Code) [GameObjectInspector.cs:956] UnityEditor.GameObjectInspector:GetPreviewData (bool)
 #22  (Mono JIT Code) [GameObjectInspector.cs:1165] UnityEditor.GameObjectInspector:RenderStaticPreview (string,UnityEngine.Object[],int,int)
 #23  (Mono JIT Code) [AssetPreviewUpdater.cs:43] UnityEditor.AssetPreviewUpdater:CreatePreview (UnityEngine.Object,UnityEngine.Object[],string,int,int)
 #24  (Mono JIT Code) [AssetPreviewUpdater.cs:11] UnityEditor.AssetPreviewUpdater:CreatePreviewForAsset (UnityEngine.Object,UnityEngine.Object[],string)
 #25  (Mono JIT Code) (wrapper runtime-invoke) <Module>:runtime_invoke_object_object_object_object (object,intptr,intptr,intptr)
 #26 mono_jit_runtime_invoke
 #27 do_runtime_invoke
 #28 mono_runtime_invoke
 #29 scripting_method_invoke(ScriptingMethodPtr, ScriptingObjectPtr, ScriptingArguments&, ScriptingExceptionPtr*, bool)
 #30 ScriptingInvocation::Invoke(ScriptingExceptionPtr*, bool)
 #31 MonoCreateAssetPreview(Object*, core::vector<Object*, 0ul> const&, core::basic_string<char, core::StringStorageDefault<char>> const&)
 #32 PreviewImporter::GenerateAssetData(AssetImportContext&)
 #33 ImportToObjects(core::basic_string<char, core::StringStorageDefault<char>> const&, core::hash_map<AssetDatabase::ImporterID, ImporterInfo, core::hash<AssetDatabase::ImporterID>, std::__1::equal_to<AssetDatabase::ImporterID>> const&, core::vector<PostprocessorInfo, 0ul> const&, AssetResolveTracker const&, ImportAssetInputs const&, ImportAssetOutputs&, IImportProgress*)
 #34 ImportAsset(core::hash_map<AssetDatabase::ImporterID, ImporterInfo, core::hash<AssetDatabase::ImporterID>, std::__1::equal_to<AssetDatabase::ImporterID>> const&, core::vector<PostprocessorInfo, 0ul> const&, AssetResolveTracker const&, ImportAssetInputs const&, ImportAssetOutputs&, IImportProgress*)
 #35 ImportAssetWithAutoReleasePool(core::hash_map<AssetDatabase::ImporterID, ImporterInfo, core::hash<AssetDatabase::ImporterID>, std::__1::equal_to<AssetDatabase::ImporterID>> const&, core::vector<PostprocessorInfo, 0ul> const&, AssetResolveTracker const&, ImportAssetInputs const&, ImportAssetOutputs&, IImportProgress*)
 #36 AssetImportWorker::Import(AssetResolver&, ImportAssetInputs const&, WorkerImportResponse&, IImportProgress*, bool*)
 #37 invocation function for block in AssetImportWorkerClient::HandleMessage(ImportRequestMessage const&)::$_5::operator()() const
 #38 _dispatch_client_callout
 #39 _dispatch_async_and_wait_invoke
 #40 _dispatch_client_callout
 #41 _dispatch_main_queue_drain
 #42 _dispatch_main_queue_callback_4CF
 #43 __CFRUNLOOP_IS_SERVICING_THE_MAIN_DISPATCH_QUEUE__
 #44 __CFRunLoopRun
 #45 CFRunLoopRunSpecific
 #46 RunCurrentEventLoopInMode
 #47 ReceiveNextEventCommon
 #48 _BlockUntilNextEventMatchingListInModeWithFilter
 #49 _DPSNextEvent
 #50 -[NSApplication(NSEventRouting) _nextEventMatchingEventMask:untilDate:inMode:dequeue:]
 #51 -[NSApplication run]
 #52 NSApplicationMain
 #53 EditorMain(int, char const**)
 #54 main
 #55 start

 -> (artifact id: 'f19d58b74bf415e2ed5124ff13b42e7a') in 0.044770 seconds
Number of updated asset objects reloaded before import = 0
Number of asset objects unloaded after import = 65
========================================================================
Received Import Request.
  Time since last request: 15.804655 seconds.
  path: Assets/character/Player.prefab
  artifactKey: Guid(98b82b6b6eab04b22a0b02bfff8a233d) Importer(815301076,1909f56bfc062723c751e8b465ee728b)
Start importing Assets/character/Player.prefab using Guid(98b82b6b6eab04b22a0b02bfff8a233d) Importer(815301076,1909f56bfc062723c751e8b465ee728b) State "idle" in Controller "player" uses parameter "" which does not exist.
 #0 GetStacktrace(int)
 #1 DebugStringToFile(DebugStringToFileData const&)
 #2 AnimatorController::ValidateParameters()
 #3 AnimatorController::BuildAsset()
 #4 AnimatorController::GetAnimationSetBindings()
 #5 AnimatorControllerPlayable::GenerateGraph()
 #6 AnimatorControllerPlayable::SetAnimatorController(RuntimeAnimatorController*)
 #7 Animator::CreateInternalControllerPlayable()
 #8 Animator::AddToManager()
 #9 Animator::AwakeFromLoad(AwakeFromLoadMode)
 #10 AwakeFromLoadQueue::InvokeAwakeFromLoad(AwakeFromLoadQueue::Item*, unsigned int, AwakeFromLoadMode)
 #11 AwakeFromLoadQueue::AwakeFromLoadAllQueues(AwakeFromLoadMode, bool)
 #12 AwakeAndActivateClonedObjects(Object**, vector_map<int, int, std::__1::less<int>, stl_allocator<std::__1::pair<int, int>, (MemLabelIdentifier)1, 16>> const&)
 #13 InstantiateObjectRemoveAllNonAnimationComponents(Object&, Vector3f const&, Quaternionf const&)
 #14 EditorUtility_CUSTOM_Internal_InstantiateRemoveAllNonAnimationComponentsSingle_Injected(ScriptingBackendNativeObjectPtrOpaque*, Vector3f const&, Quaternionf const&)
 #15  (Mono JIT Code) (wrapper managed-to-native) UnityEditor.EditorUtility:Internal_InstantiateRemoveAllNonAnimationComponentsSingle_Injected (UnityEngine.Object,UnityEngine.Vector3&,UnityEngine.Quaternion&)
 #16  (Mono JIT Code) UnityEditor.EditorUtility:Internal_InstantiateRemoveAllNonAnimationComponentsSingle (UnityEngine.Object,UnityEngine.Vector3,UnityEngine.Quaternion)
 #17  (Mono JIT Code) [EditorUtility.cs:662] UnityEditor.EditorUtility:InstantiateRemoveAllNonAnimationComponents (UnityEngine.Object,UnityEngine.Vector3,UnityEngine.Quaternion)
 #18  (Mono JIT Code) [EditorUtility.cs:628] UnityEditor.EditorUtility:InstantiateForAnimatorPreview (UnityEngine.Object)
 #19  (Mono JIT Code) [GameObjectInspector.cs:129] UnityEditor.GameObjectInspector/PreviewData:UpdateGameObject (UnityEngine.Object)
 #20  (Mono JIT Code) [GameObjectInspector.cs:123] UnityEditor.GameObjectInspector/PreviewData:.ctor (UnityEngine.Object,bool)
 #21  (Mono JIT Code) [GameObjectInspector.cs:956] UnityEditor.GameObjectInspector:GetPreviewData (bool)
 #22  (Mono JIT Code) [GameObjectInspector.cs:1165] UnityEditor.GameObjectInspector:RenderStaticPreview (string,UnityEngine.Object[],int,int)
 #23  (Mono JIT Code) [AssetPreviewUpdater.cs:43] UnityEditor.AssetPreviewUpdater:CreatePreview (UnityEngine.Object,UnityEngine.Object[],string,int,int)
 #24  (Mono JIT Code) [AssetPreviewUpdater.cs:11] UnityEditor.AssetPreviewUpdater:CreatePreviewForAsset (UnityEngine.Object,UnityEngine.Object[],string)
 #25  (Mono JIT Code) (wrapper runtime-invoke) <Module>:runtime_invoke_object_object_object_object (object,intptr,intptr,intptr)
 #26 mono_jit_runtime_invoke
 #27 do_runtime_invoke
 #28 mono_runtime_invoke
 #29 scripting_method_invoke(ScriptingMethodPtr, ScriptingObjectPtr, ScriptingArguments&, ScriptingExceptionPtr*, bool)
 #30 ScriptingInvocation::Invoke(ScriptingExceptionPtr*, bool)
 #31 MonoCreateAssetPreview(Object*, core::vector<Object*, 0ul> const&, core::basic_string<char, core::StringStorageDefault<char>> const&)
 #32 PreviewImporter::GenerateAssetData(AssetImportContext&)
 #33 ImportToObjects(core::basic_string<char, core::StringStorageDefault<char>> const&, core::hash_map<AssetDatabase::ImporterID, ImporterInfo, core::hash<AssetDatabase::ImporterID>, std::__1::equal_to<AssetDatabase::ImporterID>> const&, core::vector<PostprocessorInfo, 0ul> const&, AssetResolveTracker const&, ImportAssetInputs const&, ImportAssetOutputs&, IImportProgress*)
 #34 ImportAsset(core::hash_map<AssetDatabase::ImporterID, ImporterInfo, core::hash<AssetDatabase::ImporterID>, std::__1::equal_to<AssetDatabase::ImporterID>> const&, core::vector<PostprocessorInfo, 0ul> const&, AssetResolveTracker const&, ImportAssetInputs const&, ImportAssetOutputs&, IImportProgress*)
 #35 ImportAssetWithAutoReleasePool(core::hash_map<AssetDatabase::ImporterID, ImporterInfo, core::hash<AssetDatabase::ImporterID>, std::__1::equal_to<AssetDatabase::ImporterID>> const&, core::vector<PostprocessorInfo, 0ul> const&, AssetResolveTracker const&, ImportAssetInputs const&, ImportAssetOutputs&, IImportProgress*)
 #36 AssetImportWorker::Import(AssetResolver&, ImportAssetInputs const&, WorkerImportResponse&, IImportProgress*, bool*)
 #37 invocation function for block in AssetImportWorkerClient::HandleMessage(ImportRequestMessage const&)::$_5::operator()() const
 #38 _dispatch_client_callout
 #39 _dispatch_async_and_wait_invoke
 #40 _dispatch_client_callout
 #41 _dispatch_main_queue_drain
 #42 _dispatch_main_queue_callback_4CF
 #43 __CFRUNLOOP_IS_SERVICING_THE_MAIN_DISPATCH_QUEUE__
 #44 __CFRunLoopRun
 #45 CFRunLoopRunSpecific
 #46 RunCurrentEventLoopInMode
 #47 ReceiveNextEventCommon
 #48 _BlockUntilNextEventMatchingListInModeWithFilter
 #49 _DPSNextEvent
 #50 -[NSApplication(NSEventRouting) _nextEventMatchingEventMask:untilDate:inMode:dequeue:]
 #51 -[NSApplication run]
 #52 NSApplicationMain
 #53 EditorMain(int, char const**)
 #54 main
 #55 start

 -> (artifact id: 'ecb23fdd11f1f054ffa27a089d23c198') in 0.074100 seconds
Number of updated asset objects reloaded before import = 0
Number of asset objects unloaded after import = 65
========================================================================
Received Import Request.
  Time since last request: 1.735992 seconds.
  path: Assets/character/Player.prefab
  artifactKey: Guid(98b82b6b6eab04b22a0b02bfff8a233d) Importer(815301076,1909f56bfc062723c751e8b465ee728b)
Start importing Assets/character/Player.prefab using Guid(98b82b6b6eab04b22a0b02bfff8a233d) Importer(815301076,1909f56bfc062723c751e8b465ee728b) State "idle" in Controller "player" uses parameter "" which does not exist.
 #0 GetStacktrace(int)
 #1 DebugStringToFile(DebugStringToFileData const&)
 #2 AnimatorController::ValidateParameters()
 #3 AnimatorController::BuildAsset()
 #4 AnimatorController::GetAnimationSetBindings()
 #5 AnimatorControllerPlayable::GenerateGraph()
 #6 AnimatorControllerPlayable::SetAnimatorController(RuntimeAnimatorController*)
 #7 Animator::CreateInternalControllerPlayable()
 #8 Animator::AddToManager()
 #9 Animator::AwakeFromLoad(AwakeFromLoadMode)
 #10 AwakeFromLoadQueue::InvokeAwakeFromLoad(AwakeFromLoadQueue::Item*, unsigned int, AwakeFromLoadMode)
 #11 AwakeFromLoadQueue::AwakeFromLoadAllQueues(AwakeFromLoadMode, bool)
 #12 AwakeAndActivateClonedObjects(Object**, vector_map<int, int, std::__1::less<int>, stl_allocator<std::__1::pair<int, int>, (MemLabelIdentifier)1, 16>> const&)
 #13 InstantiateObjectRemoveAllNonAnimationComponents(Object&, Vector3f const&, Quaternionf const&)
 #14 EditorUtility_CUSTOM_Internal_InstantiateRemoveAllNonAnimationComponentsSingle_Injected(ScriptingBackendNativeObjectPtrOpaque*, Vector3f const&, Quaternionf const&)
 #15  (Mono JIT Code) (wrapper managed-to-native) UnityEditor.EditorUtility:Internal_InstantiateRemoveAllNonAnimationComponentsSingle_Injected (UnityEngine.Object,UnityEngine.Vector3&,UnityEngine.Quaternion&)
 #16  (Mono JIT Code) UnityEditor.EditorUtility:Internal_InstantiateRemoveAllNonAnimationComponentsSingle (UnityEngine.Object,UnityEngine.Vector3,UnityEngine.Quaternion)
 #17  (Mono JIT Code) [EditorUtility.cs:662] UnityEditor.EditorUtility:InstantiateRemoveAllNonAnimationComponents (UnityEngine.Object,UnityEngine.Vector3,UnityEngine.Quaternion)
 #18  (Mono JIT Code) [EditorUtility.cs:628] UnityEditor.EditorUtility:InstantiateForAnimatorPreview (UnityEngine.Object)
 #19  (Mono JIT Code) [GameObjectInspector.cs:129] UnityEditor.GameObjectInspector/PreviewData:UpdateGameObject (UnityEngine.Object)
 #20  (Mono JIT Code) [GameObjectInspector.cs:123] UnityEditor.GameObjectInspector/PreviewData:.ctor (UnityEngine.Object,bool)
 #21  (Mono JIT Code) [GameObjectInspector.cs:956] UnityEditor.GameObjectInspector:GetPreviewData (bool)
 #22  (Mono JIT Code) [GameObjectInspector.cs:1165] UnityEditor.GameObjectInspector:RenderStaticPreview (string,UnityEngine.Object[],int,int)
 #23  (Mono JIT Code) [AssetPreviewUpdater.cs:43] UnityEditor.AssetPreviewUpdater:CreatePreview (UnityEngine.Object,UnityEngine.Object[],string,int,int)
 #24  (Mono JIT Code) [AssetPreviewUpdater.cs:11] UnityEditor.AssetPreviewUpdater:CreatePreviewForAsset (UnityEngine.Object,UnityEngine.Object[],string)
 #25  (Mono JIT Code) (wrapper runtime-invoke) <Module>:runtime_invoke_object_object_object_object (object,intptr,intptr,intptr)
 #26 mono_jit_runtime_invoke
 #27 do_runtime_invoke
 #28 mono_runtime_invoke
 #29 scripting_method_invoke(ScriptingMethodPtr, ScriptingObjectPtr, ScriptingArguments&, ScriptingExceptionPtr*, bool)
 #30 ScriptingInvocation::Invoke(ScriptingExceptionPtr*, bool)
 #31 MonoCreateAssetPreview(Object*, core::vector<Object*, 0ul> const&, core::basic_string<char, core::StringStorageDefault<char>> const&)
 #32 PreviewImporter::GenerateAssetData(AssetImportContext&)
 #33 ImportToObjects(core::basic_string<char, core::StringStorageDefault<char>> const&, core::hash_map<AssetDatabase::ImporterID, ImporterInfo, core::hash<AssetDatabase::ImporterID>, std::__1::equal_to<AssetDatabase::ImporterID>> const&, core::vector<PostprocessorInfo, 0ul> const&, AssetResolveTracker const&, ImportAssetInputs const&, ImportAssetOutputs&, IImportProgress*)
 #34 ImportAsset(core::hash_map<AssetDatabase::ImporterID, ImporterInfo, core::hash<AssetDatabase::ImporterID>, std::__1::equal_to<AssetDatabase::ImporterID>> const&, core::vector<PostprocessorInfo, 0ul> const&, AssetResolveTracker const&, ImportAssetInputs const&, ImportAssetOutputs&, IImportProgress*)
 #35 ImportAssetWithAutoReleasePool(core::hash_map<AssetDatabase::ImporterID, ImporterInfo, core::hash<AssetDatabase::ImporterID>, std::__1::equal_to<AssetDatabase::ImporterID>> const&, core::vector<PostprocessorInfo, 0ul> const&, AssetResolveTracker const&, ImportAssetInputs const&, ImportAssetOutputs&, IImportProgress*)
 #36 AssetImportWorker::Import(AssetResolver&, ImportAssetInputs const&, WorkerImportResponse&, IImportProgress*, bool*)
 #37 invocation function for block in AssetImportWorkerClient::HandleMessage(ImportRequestMessage const&)::$_5::operator()() const
 #38 _dispatch_client_callout
 #39 _dispatch_async_and_wait_invoke
 #40 _dispatch_client_callout
 #41 _dispatch_main_queue_drain
 #42 _dispatch_main_queue_callback_4CF
 #43 __CFRUNLOOP_IS_SERVICING_THE_MAIN_DISPATCH_QUEUE__
 #44 __CFRunLoopRun
 #45 CFRunLoopRunSpecific
 #46 RunCurrentEventLoopInMode
 #47 ReceiveNextEventCommon
 #48 _BlockUntilNextEventMatchingListInModeWithFilter
 #49 _DPSNextEvent
 #50 -[NSApplication(NSEventRouting) _nextEventMatchingEventMask:untilDate:inMode:dequeue:]
 #51 -[NSApplication run]
 #52 NSApplicationMain
 #53 EditorMain(int, char const**)
 #54 main
 #55 start

 -> (artifact id: 'aa700c25bb8334b9256c699eada95913') in 0.037605 seconds
Number of updated asset objects reloaded before import = 0
Number of asset objects unloaded after import = 65
========================================================================
Received Import Request.
  Time since last request: 13.921045 seconds.
  path: Assets/character/Player.prefab
  artifactKey: Guid(98b82b6b6eab04b22a0b02bfff8a233d) Importer(815301076,1909f56bfc062723c751e8b465ee728b)
Start importing Assets/character/Player.prefab using Guid(98b82b6b6eab04b22a0b02bfff8a233d) Importer(815301076,1909f56bfc062723c751e8b465ee728b) State "idle" in Controller "player" uses parameter "" which does not exist.
 #0 GetStacktrace(int)
 #1 DebugStringToFile(DebugStringToFileData const&)
 #2 AnimatorController::ValidateParameters()
 #3 AnimatorController::BuildAsset()
 #4 AnimatorController::GetAnimationSetBindings()
 #5 AnimatorControllerPlayable::GenerateGraph()
 #6 AnimatorControllerPlayable::SetAnimatorController(RuntimeAnimatorController*)
 #7 Animator::CreateInternalControllerPlayable()
 #8 Animator::AddToManager()
 #9 Animator::AwakeFromLoad(AwakeFromLoadMode)
 #10 AwakeFromLoadQueue::InvokeAwakeFromLoad(AwakeFromLoadQueue::Item*, unsigned int, AwakeFromLoadMode)
 #11 AwakeFromLoadQueue::AwakeFromLoadAllQueues(AwakeFromLoadMode, bool)
 #12 AwakeAndActivateClonedObjects(Object**, vector_map<int, int, std::__1::less<int>, stl_allocator<std::__1::pair<int, int>, (MemLabelIdentifier)1, 16>> const&)
 #13 InstantiateObjectRemoveAllNonAnimationComponents(Object&, Vector3f const&, Quaternionf const&)
 #14 EditorUtility_CUSTOM_Internal_InstantiateRemoveAllNonAnimationComponentsSingle_Injected(ScriptingBackendNativeObjectPtrOpaque*, Vector3f const&, Quaternionf const&)
 #15  (Mono JIT Code) (wrapper managed-to-native) UnityEditor.EditorUtility:Internal_InstantiateRemoveAllNonAnimationComponentsSingle_Injected (UnityEngine.Object,UnityEngine.Vector3&,UnityEngine.Quaternion&)
 #16  (Mono JIT Code) UnityEditor.EditorUtility:Internal_InstantiateRemoveAllNonAnimationComponentsSingle (UnityEngine.Object,UnityEngine.Vector3,UnityEngine.Quaternion)
 #17  (Mono JIT Code) [EditorUtility.cs:662] UnityEditor.EditorUtility:InstantiateRemoveAllNonAnimationComponents (UnityEngine.Object,UnityEngine.Vector3,UnityEngine.Quaternion)
 #18  (Mono JIT Code) [EditorUtility.cs:628] UnityEditor.EditorUtility:InstantiateForAnimatorPreview (UnityEngine.Object)
 #19  (Mono JIT Code) [GameObjectInspector.cs:129] UnityEditor.GameObjectInspector/PreviewData:UpdateGameObject (UnityEngine.Object)
 #20  (Mono JIT Code) [GameObjectInspector.cs:123] UnityEditor.GameObjectInspector/PreviewData:.ctor (UnityEngine.Object,bool)
 #21  (Mono JIT Code) [GameObjectInspector.cs:956] UnityEditor.GameObjectInspector:GetPreviewData (bool)
 #22  (Mono JIT Code) [GameObjectInspector.cs:1165] UnityEditor.GameObjectInspector:RenderStaticPreview (string,UnityEngine.Object[],int,int)
 #23  (Mono JIT Code) [AssetPreviewUpdater.cs:43] UnityEditor.AssetPreviewUpdater:CreatePreview (UnityEngine.Object,UnityEngine.Object[],string,int,int)
 #24  (Mono JIT Code) [AssetPreviewUpdater.cs:11] UnityEditor.AssetPreviewUpdater:CreatePreviewForAsset (UnityEngine.Object,UnityEngine.Object[],string)
 #25  (Mono JIT Code) (wrapper runtime-invoke) <Module>:runtime_invoke_object_object_object_object (object,intptr,intptr,intptr)
 #26 mono_jit_runtime_invoke
 #27 do_runtime_invoke
 #28 mono_runtime_invoke
 #29 scripting_method_invoke(ScriptingMethodPtr, ScriptingObjectPtr, ScriptingArguments&, ScriptingExceptionPtr*, bool)
 #30 ScriptingInvocation::Invoke(ScriptingExceptionPtr*, bool)
 #31 MonoCreateAssetPreview(Object*, core::vector<Object*, 0ul> const&, core::basic_string<char, core::StringStorageDefault<char>> const&)
 #32 PreviewImporter::GenerateAssetData(AssetImportContext&)
 #33 ImportToObjects(core::basic_string<char, core::StringStorageDefault<char>> const&, core::hash_map<AssetDatabase::ImporterID, ImporterInfo, core::hash<AssetDatabase::ImporterID>, std::__1::equal_to<AssetDatabase::ImporterID>> const&, core::vector<PostprocessorInfo, 0ul> const&, AssetResolveTracker const&, ImportAssetInputs const&, ImportAssetOutputs&, IImportProgress*)
 #34 ImportAsset(core::hash_map<AssetDatabase::ImporterID, ImporterInfo, core::hash<AssetDatabase::ImporterID>, std::__1::equal_to<AssetDatabase::ImporterID>> const&, core::vector<PostprocessorInfo, 0ul> const&, AssetResolveTracker const&, ImportAssetInputs const&, ImportAssetOutputs&, IImportProgress*)
 #35 ImportAssetWithAutoReleasePool(core::hash_map<AssetDatabase::ImporterID, ImporterInfo, core::hash<AssetDatabase::ImporterID>, std::__1::equal_to<AssetDatabase::ImporterID>> const&, core::vector<PostprocessorInfo, 0ul> const&, AssetResolveTracker const&, ImportAssetInputs const&, ImportAssetOutputs&, IImportProgress*)
 #36 AssetImportWorker::Import(AssetResolver&, ImportAssetInputs const&, WorkerImportResponse&, IImportProgress*, bool*)
 #37 invocation function for block in AssetImportWorkerClient::HandleMessage(ImportRequestMessage const&)::$_5::operator()() const
 #38 _dispatch_client_callout
 #39 _dispatch_async_and_wait_invoke
 #40 _dispatch_client_callout
 #41 _dispatch_main_queue_drain
 #42 _dispatch_main_queue_callback_4CF
 #43 __CFRUNLOOP_IS_SERVICING_THE_MAIN_DISPATCH_QUEUE__
 #44 __CFRunLoopRun
 #45 CFRunLoopRunSpecific
 #46 RunCurrentEventLoopInMode
 #47 ReceiveNextEventCommon
 #48 _BlockUntilNextEventMatchingListInModeWithFilter
 #49 _DPSNextEvent
 #50 -[NSApplication(NSEventRouting) _nextEventMatchingEventMask:untilDate:inMode:dequeue:]
 #51 -[NSApplication run]
 #52 NSApplicationMain
 #53 EditorMain(int, char const**)
 #54 main
 #55 start

 -> (artifact id: 'fd5f4932fd2bd8b9b0d34e572a1e65d7') in 0.047368 seconds
Number of updated asset objects reloaded before import = 0
Number of asset objects unloaded after import = 65
========================================================================
Received Import Request.
  Time since last request: 1.582888 seconds.
  path: Assets/character/Player.prefab
  artifactKey: Guid(98b82b6b6eab04b22a0b02bfff8a233d) Importer(815301076,1909f56bfc062723c751e8b465ee728b)
Start importing Assets/character/Player.prefab using Guid(98b82b6b6eab04b22a0b02bfff8a233d) Importer(815301076,1909f56bfc062723c751e8b465ee728b) State "idle" in Controller "player" uses parameter "" which does not exist.
 #0 GetStacktrace(int)
 #1 DebugStringToFile(DebugStringToFileData const&)
 #2 AnimatorController::ValidateParameters()
 #3 AnimatorController::BuildAsset()
 #4 AnimatorController::GetAnimationSetBindings()
 #5 AnimatorControllerPlayable::GenerateGraph()
 #6 AnimatorControllerPlayable::SetAnimatorController(RuntimeAnimatorController*)
 #7 Animator::CreateInternalControllerPlayable()
 #8 Animator::AddToManager()
 #9 Animator::AwakeFromLoad(AwakeFromLoadMode)
 #10 AwakeFromLoadQueue::InvokeAwakeFromLoad(AwakeFromLoadQueue::Item*, unsigned int, AwakeFromLoadMode)
 #11 AwakeFromLoadQueue::AwakeFromLoadAllQueues(AwakeFromLoadMode, bool)
 #12 AwakeAndActivateClonedObjects(Object**, vector_map<int, int, std::__1::less<int>, stl_allocator<std::__1::pair<int, int>, (MemLabelIdentifier)1, 16>> const&)
 #13 InstantiateObjectRemoveAllNonAnimationComponents(Object&, Vector3f const&, Quaternionf const&)
 #14 EditorUtility_CUSTOM_Internal_InstantiateRemoveAllNonAnimationComponentsSingle_Injected(ScriptingBackendNativeObjectPtrOpaque*, Vector3f const&, Quaternionf const&)
 #15  (Mono JIT Code) (wrapper managed-to-native) UnityEditor.EditorUtility:Internal_InstantiateRemoveAllNonAnimationComponentsSingle_Injected (UnityEngine.Object,UnityEngine.Vector3&,UnityEngine.Quaternion&)
 #16  (Mono JIT Code) UnityEditor.EditorUtility:Internal_InstantiateRemoveAllNonAnimationComponentsSingle (UnityEngine.Object,UnityEngine.Vector3,UnityEngine.Quaternion)
 #17  (Mono JIT Code) [EditorUtility.cs:662] UnityEditor.EditorUtility:InstantiateRemoveAllNonAnimationComponents (UnityEngine.Object,UnityEngine.Vector3,UnityEngine.Quaternion)
 #18  (Mono JIT Code) [EditorUtility.cs:628] UnityEditor.EditorUtility:InstantiateForAnimatorPreview (UnityEngine.Object)
 #19  (Mono JIT Code) [GameObjectInspector.cs:129] UnityEditor.GameObjectInspector/PreviewData:UpdateGameObject (UnityEngine.Object)
 #20  (Mono JIT Code) [GameObjectInspector.cs:123] UnityEditor.GameObjectInspector/PreviewData:.ctor (UnityEngine.Object,bool)
 #21  (Mono JIT Code) [GameObjectInspector.cs:956] UnityEditor.GameObjectInspector:GetPreviewData (bool)
 #22  (Mono JIT Code) [GameObjectInspector.cs:1165] UnityEditor.GameObjectInspector:RenderStaticPreview (string,UnityEngine.Object[],int,int)
 #23  (Mono JIT Code) [AssetPreviewUpdater.cs:43] UnityEditor.AssetPreviewUpdater:CreatePreview (UnityEngine.Object,UnityEngine.Object[],string,int,int)
 #24  (Mono JIT Code) [AssetPreviewUpdater.cs:11] UnityEditor.AssetPreviewUpdater:CreatePreviewForAsset (UnityEngine.Object,UnityEngine.Object[],string)
 #25  (Mono JIT Code) (wrapper runtime-invoke) <Module>:runtime_invoke_object_object_object_object (object,intptr,intptr,intptr)
 #26 mono_jit_runtime_invoke
 #27 do_runtime_invoke
 #28 mono_runtime_invoke
 #29 scripting_method_invoke(ScriptingMethodPtr, ScriptingObjectPtr, ScriptingArguments&, ScriptingExceptionPtr*, bool)
 #30 ScriptingInvocation::Invoke(ScriptingExceptionPtr*, bool)
 #31 MonoCreateAssetPreview(Object*, core::vector<Object*, 0ul> const&, core::basic_string<char, core::StringStorageDefault<char>> const&)
 #32 PreviewImporter::GenerateAssetData(AssetImportContext&)
 #33 ImportToObjects(core::basic_string<char, core::StringStorageDefault<char>> const&, core::hash_map<AssetDatabase::ImporterID, ImporterInfo, core::hash<AssetDatabase::ImporterID>, std::__1::equal_to<AssetDatabase::ImporterID>> const&, core::vector<PostprocessorInfo, 0ul> const&, AssetResolveTracker const&, ImportAssetInputs const&, ImportAssetOutputs&, IImportProgress*)
 #34 ImportAsset(core::hash_map<AssetDatabase::ImporterID, ImporterInfo, core::hash<AssetDatabase::ImporterID>, std::__1::equal_to<AssetDatabase::ImporterID>> const&, core::vector<PostprocessorInfo, 0ul> const&, AssetResolveTracker const&, ImportAssetInputs const&, ImportAssetOutputs&, IImportProgress*)
 #35 ImportAssetWithAutoReleasePool(core::hash_map<AssetDatabase::ImporterID, ImporterInfo, core::hash<AssetDatabase::ImporterID>, std::__1::equal_to<AssetDatabase::ImporterID>> const&, core::vector<PostprocessorInfo, 0ul> const&, AssetResolveTracker const&, ImportAssetInputs const&, ImportAssetOutputs&, IImportProgress*)
 #36 AssetImportWorker::Import(AssetResolver&, ImportAssetInputs const&, WorkerImportResponse&, IImportProgress*, bool*)
 #37 invocation function for block in AssetImportWorkerClient::HandleMessage(ImportRequestMessage const&)::$_5::operator()() const
 #38 _dispatch_client_callout
 #39 _dispatch_async_and_wait_invoke
 #40 _dispatch_client_callout
 #41 _dispatch_main_queue_drain
 #42 _dispatch_main_queue_callback_4CF
 #43 __CFRUNLOOP_IS_SERVICING_THE_MAIN_DISPATCH_QUEUE__
 #44 __CFRunLoopRun
 #45 CFRunLoopRunSpecific
 #46 RunCurrentEventLoopInMode
 #47 ReceiveNextEventCommon
 #48 _BlockUntilNextEventMatchingListInModeWithFilter
 #49 _DPSNextEvent
 #50 -[NSApplication(NSEventRouting) _nextEventMatchingEventMask:untilDate:inMode:dequeue:]
 #51 -[NSApplication run]
 #52 NSApplicationMain
 #53 EditorMain(int, char const**)
 #54 main
 #55 start

 -> (artifact id: 'fe547574a60a238b46d666046ad2fcf6') in 0.043066 seconds
Number of updated asset objects reloaded before import = 0
Number of asset objects unloaded after import = 65
========================================================================
Received Import Request.
  Time since last request: 1.568732 seconds.
  path: Assets/character/Player.prefab
  artifactKey: Guid(98b82b6b6eab04b22a0b02bfff8a233d) Importer(815301076,1909f56bfc062723c751e8b465ee728b)
Start importing Assets/character/Player.prefab using Guid(98b82b6b6eab04b22a0b02bfff8a233d) Importer(815301076,1909f56bfc062723c751e8b465ee728b) State "idle" in Controller "player" uses parameter "" which does not exist.
 #0 GetStacktrace(int)
 #1 DebugStringToFile(DebugStringToFileData const&)
 #2 AnimatorController::ValidateParameters()
 #3 AnimatorController::BuildAsset()
 #4 AnimatorController::GetAnimationSetBindings()
 #5 AnimatorControllerPlayable::GenerateGraph()
 #6 AnimatorControllerPlayable::SetAnimatorController(RuntimeAnimatorController*)
 #7 Animator::CreateInternalControllerPlayable()
 #8 Animator::AddToManager()
 #9 Animator::AwakeFromLoad(AwakeFromLoadMode)
 #10 AwakeFromLoadQueue::InvokeAwakeFromLoad(AwakeFromLoadQueue::Item*, unsigned int, AwakeFromLoadMode)
 #11 AwakeFromLoadQueue::AwakeFromLoadAllQueues(AwakeFromLoadMode, bool)
 #12 AwakeAndActivateClonedObjects(Object**, vector_map<int, int, std::__1::less<int>, stl_allocator<std::__1::pair<int, int>, (MemLabelIdentifier)1, 16>> const&)
 #13 InstantiateObjectRemoveAllNonAnimationComponents(Object&, Vector3f const&, Quaternionf const&)
 #14 EditorUtility_CUSTOM_Internal_InstantiateRemoveAllNonAnimationComponentsSingle_Injected(ScriptingBackendNativeObjectPtrOpaque*, Vector3f const&, Quaternionf const&)
 #15  (Mono JIT Code) (wrapper managed-to-native) UnityEditor.EditorUtility:Internal_InstantiateRemoveAllNonAnimationComponentsSingle_Injected (UnityEngine.Object,UnityEngine.Vector3&,UnityEngine.Quaternion&)
 #16  (Mono JIT Code) UnityEditor.EditorUtility:Internal_InstantiateRemoveAllNonAnimationComponentsSingle (UnityEngine.Object,UnityEngine.Vector3,UnityEngine.Quaternion)
 #17  (Mono JIT Code) [EditorUtility.cs:662] UnityEditor.EditorUtility:InstantiateRemoveAllNonAnimationComponents (UnityEngine.Object,UnityEngine.Vector3,UnityEngine.Quaternion)
 #18  (Mono JIT Code) [EditorUtility.cs:628] UnityEditor.EditorUtility:InstantiateForAnimatorPreview (UnityEngine.Object)
 #19  (Mono JIT Code) [GameObjectInspector.cs:129] UnityEditor.GameObjectInspector/PreviewData:UpdateGameObject (UnityEngine.Object)
 #20  (Mono JIT Code) [GameObjectInspector.cs:123] UnityEditor.GameObjectInspector/PreviewData:.ctor (UnityEngine.Object,bool)
 #21  (Mono JIT Code) [GameObjectInspector.cs:956] UnityEditor.GameObjectInspector:GetPreviewData (bool)
 #22  (Mono JIT Code) [GameObjectInspector.cs:1165] UnityEditor.GameObjectInspector:RenderStaticPreview (string,UnityEngine.Object[],int,int)
 #23  (Mono JIT Code) [AssetPreviewUpdater.cs:43] UnityEditor.AssetPreviewUpdater:CreatePreview (UnityEngine.Object,UnityEngine.Object[],string,int,int)
 #24  (Mono JIT Code) [AssetPreviewUpdater.cs:11] UnityEditor.AssetPreviewUpdater:CreatePreviewForAsset (UnityEngine.Object,UnityEngine.Object[],string)
 #25  (Mono JIT Code) (wrapper runtime-invoke) <Module>:runtime_invoke_object_object_object_object (object,intptr,intptr,intptr)
 #26 mono_jit_runtime_invoke
 #27 do_runtime_invoke
 #28 mono_runtime_invoke
 #29 scripting_method_invoke(ScriptingMethodPtr, ScriptingObjectPtr, ScriptingArguments&, ScriptingExceptionPtr*, bool)
 #30 ScriptingInvocation::Invoke(ScriptingExceptionPtr*, bool)
 #31 MonoCreateAssetPreview(Object*, core::vector<Object*, 0ul> const&, core::basic_string<char, core::StringStorageDefault<char>> const&)
 #32 PreviewImporter::GenerateAssetData(AssetImportContext&)
 #33 ImportToObjects(core::basic_string<char, core::StringStorageDefault<char>> const&, core::hash_map<AssetDatabase::ImporterID, ImporterInfo, core::hash<AssetDatabase::ImporterID>, std::__1::equal_to<AssetDatabase::ImporterID>> const&, core::vector<PostprocessorInfo, 0ul> const&, AssetResolveTracker const&, ImportAssetInputs const&, ImportAssetOutputs&, IImportProgress*)
 #34 ImportAsset(core::hash_map<AssetDatabase::ImporterID, ImporterInfo, core::hash<AssetDatabase::ImporterID>, std::__1::equal_to<AssetDatabase::ImporterID>> const&, core::vector<PostprocessorInfo, 0ul> const&, AssetResolveTracker const&, ImportAssetInputs const&, ImportAssetOutputs&, IImportProgress*)
 #35 ImportAssetWithAutoReleasePool(core::hash_map<AssetDatabase::ImporterID, ImporterInfo, core::hash<AssetDatabase::ImporterID>, std::__1::equal_to<AssetDatabase::ImporterID>> const&, core::vector<PostprocessorInfo, 0ul> const&, AssetResolveTracker const&, ImportAssetInputs const&, ImportAssetOutputs&, IImportProgress*)
 #36 AssetImportWorker::Import(AssetResolver&, ImportAssetInputs const&, WorkerImportResponse&, IImportProgress*, bool*)
 #37 invocation function for block in AssetImportWorkerClient::HandleMessage(ImportRequestMessage const&)::$_5::operator()() const
 #38 _dispatch_client_callout
 #39 _dispatch_async_and_wait_invoke
 #40 _dispatch_client_callout
 #41 _dispatch_main_queue_drain
 #42 _dispatch_main_queue_callback_4CF
 #43 __CFRUNLOOP_IS_SERVICING_THE_MAIN_DISPATCH_QUEUE__
 #44 __CFRunLoopRun
 #45 CFRunLoopRunSpecific
 #46 RunCurrentEventLoopInMode
 #47 ReceiveNextEventCommon
 #48 _BlockUntilNextEventMatchingListInModeWithFilter
 #49 _DPSNextEvent
 #50 -[NSApplication(NSEventRouting) _nextEventMatchingEventMask:untilDate:inMode:dequeue:]
 #51 -[NSApplication run]
 #52 NSApplicationMain
 #53 EditorMain(int, char const**)
 #54 main
 #55 start

 -> (artifact id: '289e9987c9c96f301d64f0c9dd5b4de4') in 0.038207 seconds
Number of updated asset objects reloaded before import = 0
Number of asset objects unloaded after import = 65
========================================================================
Received Import Request.
  Time since last request: 1.592590 seconds.
  path: Assets/character/Player.prefab
  artifactKey: Guid(98b82b6b6eab04b22a0b02bfff8a233d) Importer(815301076,1909f56bfc062723c751e8b465ee728b)
Start importing Assets/character/Player.prefab using Guid(98b82b6b6eab04b22a0b02bfff8a233d) Importer(815301076,1909f56bfc062723c751e8b465ee728b) State "idle" in Controller "player" uses parameter "" which does not exist.
 #0 GetStacktrace(int)
 #1 DebugStringToFile(DebugStringToFileData const&)
 #2 AnimatorController::ValidateParameters()
 #3 AnimatorController::BuildAsset()
 #4 AnimatorController::GetAnimationSetBindings()
 #5 AnimatorControllerPlayable::GenerateGraph()
 #6 AnimatorControllerPlayable::SetAnimatorController(RuntimeAnimatorController*)
 #7 Animator::CreateInternalControllerPlayable()
 #8 Animator::AddToManager()
 #9 Animator::AwakeFromLoad(AwakeFromLoadMode)
 #10 AwakeFromLoadQueue::InvokeAwakeFromLoad(AwakeFromLoadQueue::Item*, unsigned int, AwakeFromLoadMode)
 #11 AwakeFromLoadQueue::AwakeFromLoadAllQueues(AwakeFromLoadMode, bool)
 #12 AwakeAndActivateClonedObjects(Object**, vector_map<int, int, std::__1::less<int>, stl_allocator<std::__1::pair<int, int>, (MemLabelIdentifier)1, 16>> const&)
 #13 InstantiateObjectRemoveAllNonAnimationComponents(Object&, Vector3f const&, Quaternionf const&)
 #14 EditorUtility_CUSTOM_Internal_InstantiateRemoveAllNonAnimationComponentsSingle_Injected(ScriptingBackendNativeObjectPtrOpaque*, Vector3f const&, Quaternionf const&)
 #15  (Mono JIT Code) (wrapper managed-to-native) UnityEditor.EditorUtility:Internal_InstantiateRemoveAllNonAnimationComponentsSingle_Injected (UnityEngine.Object,UnityEngine.Vector3&,UnityEngine.Quaternion&)
 #16  (Mono JIT Code) UnityEditor.EditorUtility:Internal_InstantiateRemoveAllNonAnimationComponentsSingle (UnityEngine.Object,UnityEngine.Vector3,UnityEngine.Quaternion)
 #17  (Mono JIT Code) [EditorUtility.cs:662] UnityEditor.EditorUtility:InstantiateRemoveAllNonAnimationComponents (UnityEngine.Object,UnityEngine.Vector3,UnityEngine.Quaternion)
 #18  (Mono JIT Code) [EditorUtility.cs:628] UnityEditor.EditorUtility:InstantiateForAnimatorPreview (UnityEngine.Object)
 #19  (Mono JIT Code) [GameObjectInspector.cs:129] UnityEditor.GameObjectInspector/PreviewData:UpdateGameObject (UnityEngine.Object)
 #20  (Mono JIT Code) [GameObjectInspector.cs:123] UnityEditor.GameObjectInspector/PreviewData:.ctor (UnityEngine.Object,bool)
 #21  (Mono JIT Code) [GameObjectInspector.cs:956] UnityEditor.GameObjectInspector:GetPreviewData (bool)
 #22  (Mono JIT Code) [GameObjectInspector.cs:1165] UnityEditor.GameObjectInspector:RenderStaticPreview (string,UnityEngine.Object[],int,int)
 #23  (Mono JIT Code) [AssetPreviewUpdater.cs:43] UnityEditor.AssetPreviewUpdater:CreatePreview (UnityEngine.Object,UnityEngine.Object[],string,int,int)
 #24  (Mono JIT Code) [AssetPreviewUpdater.cs:11] UnityEditor.AssetPreviewUpdater:CreatePreviewForAsset (UnityEngine.Object,UnityEngine.Object[],string)
 #25  (Mono JIT Code) (wrapper runtime-invoke) <Module>:runtime_invoke_object_object_object_object (object,intptr,intptr,intptr)
 #26 mono_jit_runtime_invoke
 #27 do_runtime_invoke
 #28 mono_runtime_invoke
 #29 scripting_method_invoke(ScriptingMethodPtr, ScriptingObjectPtr, ScriptingArguments&, ScriptingExceptionPtr*, bool)
 #30 ScriptingInvocation::Invoke(ScriptingExceptionPtr*, bool)
 #31 MonoCreateAssetPreview(Object*, core::vector<Object*, 0ul> const&, core::basic_string<char, core::StringStorageDefault<char>> const&)
 #32 PreviewImporter::GenerateAssetData(AssetImportContext&)
 #33 ImportToObjects(core::basic_string<char, core::StringStorageDefault<char>> const&, core::hash_map<AssetDatabase::ImporterID, ImporterInfo, core::hash<AssetDatabase::ImporterID>, std::__1::equal_to<AssetDatabase::ImporterID>> const&, core::vector<PostprocessorInfo, 0ul> const&, AssetResolveTracker const&, ImportAssetInputs const&, ImportAssetOutputs&, IImportProgress*)
 #34 ImportAsset(core::hash_map<AssetDatabase::ImporterID, ImporterInfo, core::hash<AssetDatabase::ImporterID>, std::__1::equal_to<AssetDatabase::ImporterID>> const&, core::vector<PostprocessorInfo, 0ul> const&, AssetResolveTracker const&, ImportAssetInputs const&, ImportAssetOutputs&, IImportProgress*)
 #35 ImportAssetWithAutoReleasePool(core::hash_map<AssetDatabase::ImporterID, ImporterInfo, core::hash<AssetDatabase::ImporterID>, std::__1::equal_to<AssetDatabase::ImporterID>> const&, core::vector<PostprocessorInfo, 0ul> const&, AssetResolveTracker const&, ImportAssetInputs const&, ImportAssetOutputs&, IImportProgress*)
 #36 AssetImportWorker::Import(AssetResolver&, ImportAssetInputs const&, WorkerImportResponse&, IImportProgress*, bool*)
 #37 invocation function for block in AssetImportWorkerClient::HandleMessage(ImportRequestMessage const&)::$_5::operator()() const
 #38 _dispatch_client_callout
 #39 _dispatch_async_and_wait_invoke
 #40 _dispatch_client_callout
 #41 _dispatch_main_queue_drain
 #42 _dispatch_main_queue_callback_4CF
 #43 __CFRUNLOOP_IS_SERVICING_THE_MAIN_DISPATCH_QUEUE__
 #44 __CFRunLoopRun
 #45 CFRunLoopRunSpecific
 #46 RunCurrentEventLoopInMode
 #47 ReceiveNextEventCommon
 #48 _BlockUntilNextEventMatchingListInModeWithFilter
 #49 _DPSNextEvent
 #50 -[NSApplication(NSEventRouting) _nextEventMatchingEventMask:untilDate:inMode:dequeue:]
 #51 -[NSApplication run]
 #52 NSApplicationMain
 #53 EditorMain(int, char const**)
 #54 main
 #55 start

 -> (artifact id: '752191b6990d380013db9474bff841e5') in 0.036752 seconds
Number of updated asset objects reloaded before import = 0
Number of asset objects unloaded after import = 65
========================================================================
Received Import Request.
  Time since last request: 0.943119 seconds.
  path: Assets/character/Player.prefab
  artifactKey: Guid(98b82b6b6eab04b22a0b02bfff8a233d) Importer(815301076,1909f56bfc062723c751e8b465ee728b)
Start importing Assets/character/Player.prefab using Guid(98b82b6b6eab04b22a0b02bfff8a233d) Importer(815301076,1909f56bfc062723c751e8b465ee728b) State "idle" in Controller "player" uses parameter "" which does not exist.
 #0 GetStacktrace(int)
 #1 DebugStringToFile(DebugStringToFileData const&)
 #2 AnimatorController::ValidateParameters()
 #3 AnimatorController::BuildAsset()
 #4 AnimatorController::GetAnimationSetBindings()
 #5 AnimatorControllerPlayable::GenerateGraph()
 #6 AnimatorControllerPlayable::SetAnimatorController(RuntimeAnimatorController*)
 #7 Animator::CreateInternalControllerPlayable()
 #8 Animator::AddToManager()
 #9 Animator::AwakeFromLoad(AwakeFromLoadMode)
 #10 AwakeFromLoadQueue::InvokeAwakeFromLoad(AwakeFromLoadQueue::Item*, unsigned int, AwakeFromLoadMode)
 #11 AwakeFromLoadQueue::AwakeFromLoadAllQueues(AwakeFromLoadMode, bool)
 #12 AwakeAndActivateClonedObjects(Object**, vector_map<int, int, std::__1::less<int>, stl_allocator<std::__1::pair<int, int>, (MemLabelIdentifier)1, 16>> const&)
 #13 InstantiateObjectRemoveAllNonAnimationComponents(Object&, Vector3f const&, Quaternionf const&)
 #14 EditorUtility_CUSTOM_Internal_InstantiateRemoveAllNonAnimationComponentsSingle_Injected(ScriptingBackendNativeObjectPtrOpaque*, Vector3f const&, Quaternionf const&)
 #15  (Mono JIT Code) (wrapper managed-to-native) UnityEditor.EditorUtility:Internal_InstantiateRemoveAllNonAnimationComponentsSingle_Injected (UnityEngine.Object,UnityEngine.Vector3&,UnityEngine.Quaternion&)
 #16  (Mono JIT Code) UnityEditor.EditorUtility:Internal_InstantiateRemoveAllNonAnimationComponentsSingle (UnityEngine.Object,UnityEngine.Vector3,UnityEngine.Quaternion)
 #17  (Mono JIT Code) [EditorUtility.cs:662] UnityEditor.EditorUtility:InstantiateRemoveAllNonAnimationComponents (UnityEngine.Object,UnityEngine.Vector3,UnityEngine.Quaternion)
 #18  (Mono JIT Code) [EditorUtility.cs:628] UnityEditor.EditorUtility:InstantiateForAnimatorPreview (UnityEngine.Object)
 #19  (Mono JIT Code) [GameObjectInspector.cs:129] UnityEditor.GameObjectInspector/PreviewData:UpdateGameObject (UnityEngine.Object)
 #20  (Mono JIT Code) [GameObjectInspector.cs:123] UnityEditor.GameObjectInspector/PreviewData:.ctor (UnityEngine.Object,bool)
 #21  (Mono JIT Code) [GameObjectInspector.cs:956] UnityEditor.GameObjectInspector:GetPreviewData (bool)
 #22  (Mono JIT Code) [GameObjectInspector.cs:1165] UnityEditor.GameObjectInspector:RenderStaticPreview (string,UnityEngine.Object[],int,int)
 #23  (Mono JIT Code) [AssetPreviewUpdater.cs:43] UnityEditor.AssetPreviewUpdater:CreatePreview (UnityEngine.Object,UnityEngine.Object[],string,int,int)
 #24  (Mono JIT Code) [AssetPreviewUpdater.cs:11] UnityEditor.AssetPreviewUpdater:CreatePreviewForAsset (UnityEngine.Object,UnityEngine.Object[],string)
 #25  (Mono JIT Code) (wrapper runtime-invoke) <Module>:runtime_invoke_object_object_object_object (object,intptr,intptr,intptr)
 #26 mono_jit_runtime_invoke
 #27 do_runtime_invoke
 #28 mono_runtime_invoke
 #29 scripting_method_invoke(ScriptingMethodPtr, ScriptingObjectPtr, ScriptingArguments&, ScriptingExceptionPtr*, bool)
 #30 ScriptingInvocation::Invoke(ScriptingExceptionPtr*, bool)
 #31 MonoCreateAssetPreview(Object*, core::vector<Object*, 0ul> const&, core::basic_string<char, core::StringStorageDefault<char>> const&)
 #32 PreviewImporter::GenerateAssetData(AssetImportContext&)
 #33 ImportToObjects(core::basic_string<char, core::StringStorageDefault<char>> const&, core::hash_map<AssetDatabase::ImporterID, ImporterInfo, core::hash<AssetDatabase::ImporterID>, std::__1::equal_to<AssetDatabase::ImporterID>> const&, core::vector<PostprocessorInfo, 0ul> const&, AssetResolveTracker const&, ImportAssetInputs const&, ImportAssetOutputs&, IImportProgress*)
 #34 ImportAsset(core::hash_map<AssetDatabase::ImporterID, ImporterInfo, core::hash<AssetDatabase::ImporterID>, std::__1::equal_to<AssetDatabase::ImporterID>> const&, core::vector<PostprocessorInfo, 0ul> const&, AssetResolveTracker const&, ImportAssetInputs const&, ImportAssetOutputs&, IImportProgress*)
 #35 ImportAssetWithAutoReleasePool(core::hash_map<AssetDatabase::ImporterID, ImporterInfo, core::hash<AssetDatabase::ImporterID>, std::__1::equal_to<AssetDatabase::ImporterID>> const&, core::vector<PostprocessorInfo, 0ul> const&, AssetResolveTracker const&, ImportAssetInputs const&, ImportAssetOutputs&, IImportProgress*)
 #36 AssetImportWorker::Import(AssetResolver&, ImportAssetInputs const&, WorkerImportResponse&, IImportProgress*, bool*)
 #37 invocation function for block in AssetImportWorkerClient::HandleMessage(ImportRequestMessage const&)::$_5::operator()() const
 #38 _dispatch_client_callout
 #39 _dispatch_async_and_wait_invoke
 #40 _dispatch_client_callout
 #41 _dispatch_main_queue_drain
 #42 _dispatch_main_queue_callback_4CF
 #43 __CFRUNLOOP_IS_SERVICING_THE_MAIN_DISPATCH_QUEUE__
 #44 __CFRunLoopRun
 #45 CFRunLoopRunSpecific
 #46 RunCurrentEventLoopInMode
 #47 ReceiveNextEventCommon
 #48 _BlockUntilNextEventMatchingListInModeWithFilter
 #49 _DPSNextEvent
 #50 -[NSApplication(NSEventRouting) _nextEventMatchingEventMask:untilDate:inMode:dequeue:]
 #51 -[NSApplication run]
 #52 NSApplicationMain
 #53 EditorMain(int, char const**)
 #54 main
 #55 start

 -> (artifact id: 'ca868379d67b207a2dd5e2b30834a10c') in 0.035356 seconds
Number of updated asset objects reloaded before import = 0
Number of asset objects unloaded after import = 65
========================================================================
Received Import Request.
  Time since last request: 1.382544 seconds.
  path: Assets/character/Player.prefab
  artifactKey: Guid(98b82b6b6eab04b22a0b02bfff8a233d) Importer(815301076,1909f56bfc062723c751e8b465ee728b)
Start importing Assets/character/Player.prefab using Guid(98b82b6b6eab04b22a0b02bfff8a233d) Importer(815301076,1909f56bfc062723c751e8b465ee728b) State "idle" in Controller "player" uses parameter "" which does not exist.
 #0 GetStacktrace(int)
 #1 DebugStringToFile(DebugStringToFileData const&)
 #2 AnimatorController::ValidateParameters()
 #3 AnimatorController::BuildAsset()
 #4 AnimatorController::GetAnimationSetBindings()
 #5 AnimatorControllerPlayable::GenerateGraph()
 #6 AnimatorControllerPlayable::SetAnimatorController(RuntimeAnimatorController*)
 #7 Animator::CreateInternalControllerPlayable()
 #8 Animator::AddToManager()
 #9 Animator::AwakeFromLoad(AwakeFromLoadMode)
 #10 AwakeFromLoadQueue::InvokeAwakeFromLoad(AwakeFromLoadQueue::Item*, unsigned int, AwakeFromLoadMode)
 #11 AwakeFromLoadQueue::AwakeFromLoadAllQueues(AwakeFromLoadMode, bool)
 #12 AwakeAndActivateClonedObjects(Object**, vector_map<int, int, std::__1::less<int>, stl_allocator<std::__1::pair<int, int>, (MemLabelIdentifier)1, 16>> const&)
 #13 InstantiateObjectRemoveAllNonAnimationComponents(Object&, Vector3f const&, Quaternionf const&)
 #14 EditorUtility_CUSTOM_Internal_InstantiateRemoveAllNonAnimationComponentsSingle_Injected(ScriptingBackendNativeObjectPtrOpaque*, Vector3f const&, Quaternionf const&)
 #15  (Mono JIT Code) (wrapper managed-to-native) UnityEditor.EditorUtility:Internal_InstantiateRemoveAllNonAnimationComponentsSingle_Injected (UnityEngine.Object,UnityEngine.Vector3&,UnityEngine.Quaternion&)
 #16  (Mono JIT Code) UnityEditor.EditorUtility:Internal_InstantiateRemoveAllNonAnimationComponentsSingle (UnityEngine.Object,UnityEngine.Vector3,UnityEngine.Quaternion)
 #17  (Mono JIT Code) [EditorUtility.cs:662] UnityEditor.EditorUtility:InstantiateRemoveAllNonAnimationComponents (UnityEngine.Object,UnityEngine.Vector3,UnityEngine.Quaternion)
 #18  (Mono JIT Code) [EditorUtility.cs:628] UnityEditor.EditorUtility:InstantiateForAnimatorPreview (UnityEngine.Object)
 #19  (Mono JIT Code) [GameObjectInspector.cs:129] UnityEditor.GameObjectInspector/PreviewData:UpdateGameObject (UnityEngine.Object)
 #20  (Mono JIT Code) [GameObjectInspector.cs:123] UnityEditor.GameObjectInspector/PreviewData:.ctor (UnityEngine.Object,bool)
 #21  (Mono JIT Code) [GameObjectInspector.cs:956] UnityEditor.GameObjectInspector:GetPreviewData (bool)
 #22  (Mono JIT Code) [GameObjectInspector.cs:1165] UnityEditor.GameObjectInspector:RenderStaticPreview (string,UnityEngine.Object[],int,int)
 #23  (Mono JIT Code) [AssetPreviewUpdater.cs:43] UnityEditor.AssetPreviewUpdater:CreatePreview (UnityEngine.Object,UnityEngine.Object[],string,int,int)
 #24  (Mono JIT Code) [AssetPreviewUpdater.cs:11] UnityEditor.AssetPreviewUpdater:CreatePreviewForAsset (UnityEngine.Object,UnityEngine.Object[],string)
 #25  (Mono JIT Code) (wrapper runtime-invoke) <Module>:runtime_invoke_object_object_object_object (object,intptr,intptr,intptr)
 #26 mono_jit_runtime_invoke
 #27 do_runtime_invoke
 #28 mono_runtime_invoke
 #29 scripting_method_invoke(ScriptingMethodPtr, ScriptingObjectPtr, ScriptingArguments&, ScriptingExceptionPtr*, bool)
 #30 ScriptingInvocation::Invoke(ScriptingExceptionPtr*, bool)
 #31 MonoCreateAssetPreview(Object*, core::vector<Object*, 0ul> const&, core::basic_string<char, core::StringStorageDefault<char>> const&)
 #32 PreviewImporter::GenerateAssetData(AssetImportContext&)
 #33 ImportToObjects(core::basic_string<char, core::StringStorageDefault<char>> const&, core::hash_map<AssetDatabase::ImporterID, ImporterInfo, core::hash<AssetDatabase::ImporterID>, std::__1::equal_to<AssetDatabase::ImporterID>> const&, core::vector<PostprocessorInfo, 0ul> const&, AssetResolveTracker const&, ImportAssetInputs const&, ImportAssetOutputs&, IImportProgress*)
 #34 ImportAsset(core::hash_map<AssetDatabase::ImporterID, ImporterInfo, core::hash<AssetDatabase::ImporterID>, std::__1::equal_to<AssetDatabase::ImporterID>> const&, core::vector<PostprocessorInfo, 0ul> const&, AssetResolveTracker const&, ImportAssetInputs const&, ImportAssetOutputs&, IImportProgress*)
 #35 ImportAssetWithAutoReleasePool(core::hash_map<AssetDatabase::ImporterID, ImporterInfo, core::hash<AssetDatabase::ImporterID>, std::__1::equal_to<AssetDatabase::ImporterID>> const&, core::vector<PostprocessorInfo, 0ul> const&, AssetResolveTracker const&, ImportAssetInputs const&, ImportAssetOutputs&, IImportProgress*)
 #36 AssetImportWorker::Import(AssetResolver&, ImportAssetInputs const&, WorkerImportResponse&, IImportProgress*, bool*)
 #37 invocation function for block in AssetImportWorkerClient::HandleMessage(ImportRequestMessage const&)::$_5::operator()() const
 #38 _dispatch_client_callout
 #39 _dispatch_async_and_wait_invoke
 #40 _dispatch_client_callout
 #41 _dispatch_main_queue_drain
 #42 _dispatch_main_queue_callback_4CF
 #43 __CFRUNLOOP_IS_SERVICING_THE_MAIN_DISPATCH_QUEUE__
 #44 __CFRunLoopRun
 #45 CFRunLoopRunSpecific
 #46 RunCurrentEventLoopInMode
 #47 ReceiveNextEventCommon
 #48 _BlockUntilNextEventMatchingListInModeWithFilter
 #49 _DPSNextEvent
 #50 -[NSApplication(NSEventRouting) _nextEventMatchingEventMask:untilDate:inMode:dequeue:]
 #51 -[NSApplication run]
 #52 NSApplicationMain
 #53 EditorMain(int, char const**)
 #54 main
 #55 start

 -> (artifact id: 'c265bc532c31b6abde6b4286afefc74c') in 0.035692 seconds
Number of updated asset objects reloaded before import = 0
Number of asset objects unloaded after import = 65
========================================================================
Received Import Request.
  Time since last request: 6.836068 seconds.
  path: Assets/character/Player.prefab
  artifactKey: Guid(98b82b6b6eab04b22a0b02bfff8a233d) Importer(815301076,1909f56bfc062723c751e8b465ee728b)
Start importing Assets/character/Player.prefab using Guid(98b82b6b6eab04b22a0b02bfff8a233d) Importer(815301076,1909f56bfc062723c751e8b465ee728b) State "idle" in Controller "player" uses parameter "" which does not exist.
 #0 GetStacktrace(int)
 #1 DebugStringToFile(DebugStringToFileData const&)
 #2 AnimatorController::ValidateParameters()
 #3 AnimatorController::BuildAsset()
 #4 AnimatorController::GetAnimationSetBindings()
 #5 AnimatorControllerPlayable::GenerateGraph()
 #6 AnimatorControllerPlayable::SetAnimatorController(RuntimeAnimatorController*)
 #7 Animator::CreateInternalControllerPlayable()
 #8 Animator::AddToManager()
 #9 Animator::AwakeFromLoad(AwakeFromLoadMode)
 #10 AwakeFromLoadQueue::InvokeAwakeFromLoad(AwakeFromLoadQueue::Item*, unsigned int, AwakeFromLoadMode)
 #11 AwakeFromLoadQueue::AwakeFromLoadAllQueues(AwakeFromLoadMode, bool)
 #12 AwakeAndActivateClonedObjects(Object**, vector_map<int, int, std::__1::less<int>, stl_allocator<std::__1::pair<int, int>, (MemLabelIdentifier)1, 16>> const&)
 #13 InstantiateObjectRemoveAllNonAnimationComponents(Object&, Vector3f const&, Quaternionf const&)
 #14 EditorUtility_CUSTOM_Internal_InstantiateRemoveAllNonAnimationComponentsSingle_Injected(ScriptingBackendNativeObjectPtrOpaque*, Vector3f const&, Quaternionf const&)
 #15  (Mono JIT Code) (wrapper managed-to-native) UnityEditor.EditorUtility:Internal_InstantiateRemoveAllNonAnimationComponentsSingle_Injected (UnityEngine.Object,UnityEngine.Vector3&,UnityEngine.Quaternion&)
 #16  (Mono JIT Code) UnityEditor.EditorUtility:Internal_InstantiateRemoveAllNonAnimationComponentsSingle (UnityEngine.Object,UnityEngine.Vector3,UnityEngine.Quaternion)
 #17  (Mono JIT Code) [EditorUtility.cs:662] UnityEditor.EditorUtility:InstantiateRemoveAllNonAnimationComponents (UnityEngine.Object,UnityEngine.Vector3,UnityEngine.Quaternion)
 #18  (Mono JIT Code) [EditorUtility.cs:628] UnityEditor.EditorUtility:InstantiateForAnimatorPreview (UnityEngine.Object)
 #19  (Mono JIT Code) [GameObjectInspector.cs:129] UnityEditor.GameObjectInspector/PreviewData:UpdateGameObject (UnityEngine.Object)
 #20  (Mono JIT Code) [GameObjectInspector.cs:123] UnityEditor.GameObjectInspector/PreviewData:.ctor (UnityEngine.Object,bool)
 #21  (Mono JIT Code) [GameObjectInspector.cs:956] UnityEditor.GameObjectInspector:GetPreviewData (bool)
 #22  (Mono JIT Code) [GameObjectInspector.cs:1165] UnityEditor.GameObjectInspector:RenderStaticPreview (string,UnityEngine.Object[],int,int)
 #23  (Mono JIT Code) [AssetPreviewUpdater.cs:43] UnityEditor.AssetPreviewUpdater:CreatePreview (UnityEngine.Object,UnityEngine.Object[],string,int,int)
 #24  (Mono JIT Code) [AssetPreviewUpdater.cs:11] UnityEditor.AssetPreviewUpdater:CreatePreviewForAsset (UnityEngine.Object,UnityEngine.Object[],string)
 #25  (Mono JIT Code) (wrapper runtime-invoke) <Module>:runtime_invoke_object_object_object_object (object,intptr,intptr,intptr)
 #26 mono_jit_runtime_invoke
 #27 do_runtime_invoke
 #28 mono_runtime_invoke
 #29 scripting_method_invoke(ScriptingMethodPtr, ScriptingObjectPtr, ScriptingArguments&, ScriptingExceptionPtr*, bool)
 #30 ScriptingInvocation::Invoke(ScriptingExceptionPtr*, bool)
 #31 MonoCreateAssetPreview(Object*, core::vector<Object*, 0ul> const&, core::basic_string<char, core::StringStorageDefault<char>> const&)
 #32 PreviewImporter::GenerateAssetData(AssetImportContext&)
 #33 ImportToObjects(core::basic_string<char, core::StringStorageDefault<char>> const&, core::hash_map<AssetDatabase::ImporterID, ImporterInfo, core::hash<AssetDatabase::ImporterID>, std::__1::equal_to<AssetDatabase::ImporterID>> const&, core::vector<PostprocessorInfo, 0ul> const&, AssetResolveTracker const&, ImportAssetInputs const&, ImportAssetOutputs&, IImportProgress*)
 #34 ImportAsset(core::hash_map<AssetDatabase::ImporterID, ImporterInfo, core::hash<AssetDatabase::ImporterID>, std::__1::equal_to<AssetDatabase::ImporterID>> const&, core::vector<PostprocessorInfo, 0ul> const&, AssetResolveTracker const&, ImportAssetInputs const&, ImportAssetOutputs&, IImportProgress*)
 #35 ImportAssetWithAutoReleasePool(core::hash_map<AssetDatabase::ImporterID, ImporterInfo, core::hash<AssetDatabase::ImporterID>, std::__1::equal_to<AssetDatabase::ImporterID>> const&, core::vector<PostprocessorInfo, 0ul> const&, AssetResolveTracker const&, ImportAssetInputs const&, ImportAssetOutputs&, IImportProgress*)
 #36 AssetImportWorker::Import(AssetResolver&, ImportAssetInputs const&, WorkerImportResponse&, IImportProgress*, bool*)
 #37 invocation function for block in AssetImportWorkerClient::HandleMessage(ImportRequestMessage const&)::$_5::operator()() const
 #38 _dispatch_client_callout
 #39 _dispatch_async_and_wait_invoke
 #40 _dispatch_client_callout
 #41 _dispatch_main_queue_drain
 #42 _dispatch_main_queue_callback_4CF
 #43 __CFRUNLOOP_IS_SERVICING_THE_MAIN_DISPATCH_QUEUE__
 #44 __CFRunLoopRun
 #45 CFRunLoopRunSpecific
 #46 RunCurrentEventLoopInMode
 #47 ReceiveNextEventCommon
 #48 _BlockUntilNextEventMatchingListInModeWithFilter
 #49 _DPSNextEvent
 #50 -[NSApplication(NSEventRouting) _nextEventMatchingEventMask:untilDate:inMode:dequeue:]
 #51 -[NSApplication run]
 #52 NSApplicationMain
 #53 EditorMain(int, char const**)
 #54 main
 #55 start

 -> (artifact id: 'af38adf2c2a924f9c6e94e6b2c304e52') in 0.039121 seconds
Number of updated asset objects reloaded before import = 0
Number of asset objects unloaded after import = 65
========================================================================
Received Import Request.
  Time since last request: 2.186407 seconds.
  path: Assets/character/Player.prefab
  artifactKey: Guid(98b82b6b6eab04b22a0b02bfff8a233d) Importer(815301076,1909f56bfc062723c751e8b465ee728b)
Start importing Assets/character/Player.prefab using Guid(98b82b6b6eab04b22a0b02bfff8a233d) Importer(815301076,1909f56bfc062723c751e8b465ee728b) State "idle" in Controller "player" uses parameter "" which does not exist.
 #0 GetStacktrace(int)
 #1 DebugStringToFile(DebugStringToFileData const&)
 #2 AnimatorController::ValidateParameters()
 #3 AnimatorController::BuildAsset()
 #4 AnimatorController::GetAnimationSetBindings()
 #5 AnimatorControllerPlayable::GenerateGraph()
 #6 AnimatorControllerPlayable::SetAnimatorController(RuntimeAnimatorController*)
 #7 Animator::CreateInternalControllerPlayable()
 #8 Animator::AddToManager()
 #9 Animator::AwakeFromLoad(AwakeFromLoadMode)
 #10 AwakeFromLoadQueue::InvokeAwakeFromLoad(AwakeFromLoadQueue::Item*, unsigned int, AwakeFromLoadMode)
 #11 AwakeFromLoadQueue::AwakeFromLoadAllQueues(AwakeFromLoadMode, bool)
 #12 AwakeAndActivateClonedObjects(Object**, vector_map<int, int, std::__1::less<int>, stl_allocator<std::__1::pair<int, int>, (MemLabelIdentifier)1, 16>> const&)
 #13 InstantiateObjectRemoveAllNonAnimationComponents(Object&, Vector3f const&, Quaternionf const&)
 #14 EditorUtility_CUSTOM_Internal_InstantiateRemoveAllNonAnimationComponentsSingle_Injected(ScriptingBackendNativeObjectPtrOpaque*, Vector3f const&, Quaternionf const&)
 #15  (Mono JIT Code) (wrapper managed-to-native) UnityEditor.EditorUtility:Internal_InstantiateRemoveAllNonAnimationComponentsSingle_Injected (UnityEngine.Object,UnityEngine.Vector3&,UnityEngine.Quaternion&)
 #16  (Mono JIT Code) UnityEditor.EditorUtility:Internal_InstantiateRemoveAllNonAnimationComponentsSingle (UnityEngine.Object,UnityEngine.Vector3,UnityEngine.Quaternion)
 #17  (Mono JIT Code) [EditorUtility.cs:662] UnityEditor.EditorUtility:InstantiateRemoveAllNonAnimationComponents (UnityEngine.Object,UnityEngine.Vector3,UnityEngine.Quaternion)
 #18  (Mono JIT Code) [EditorUtility.cs:628] UnityEditor.EditorUtility:InstantiateForAnimatorPreview (UnityEngine.Object)
 #19  (Mono JIT Code) [GameObjectInspector.cs:129] UnityEditor.GameObjectInspector/PreviewData:UpdateGameObject (UnityEngine.Object)
 #20  (Mono JIT Code) [GameObjectInspector.cs:123] UnityEditor.GameObjectInspector/PreviewData:.ctor (UnityEngine.Object,bool)
 #21  (Mono JIT Code) [GameObjectInspector.cs:956] UnityEditor.GameObjectInspector:GetPreviewData (bool)
 #22  (Mono JIT Code) [GameObjectInspector.cs:1165] UnityEditor.GameObjectInspector:RenderStaticPreview (string,UnityEngine.Object[],int,int)
 #23  (Mono JIT Code) [AssetPreviewUpdater.cs:43] UnityEditor.AssetPreviewUpdater:CreatePreview (UnityEngine.Object,UnityEngine.Object[],string,int,int)
 #24  (Mono JIT Code) [AssetPreviewUpdater.cs:11] UnityEditor.AssetPreviewUpdater:CreatePreviewForAsset (UnityEngine.Object,UnityEngine.Object[],string)
 #25  (Mono JIT Code) (wrapper runtime-invoke) <Module>:runtime_invoke_object_object_object_object (object,intptr,intptr,intptr)
 #26 mono_jit_runtime_invoke
 #27 do_runtime_invoke
 #28 mono_runtime_invoke
 #29 scripting_method_invoke(ScriptingMethodPtr, ScriptingObjectPtr, ScriptingArguments&, ScriptingExceptionPtr*, bool)
 #30 ScriptingInvocation::Invoke(ScriptingExceptionPtr*, bool)
 #31 MonoCreateAssetPreview(Object*, core::vector<Object*, 0ul> const&, core::basic_string<char, core::StringStorageDefault<char>> const&)
 #32 PreviewImporter::GenerateAssetData(AssetImportContext&)
 #33 ImportToObjects(core::basic_string<char, core::StringStorageDefault<char>> const&, core::hash_map<AssetDatabase::ImporterID, ImporterInfo, core::hash<AssetDatabase::ImporterID>, std::__1::equal_to<AssetDatabase::ImporterID>> const&, core::vector<PostprocessorInfo, 0ul> const&, AssetResolveTracker const&, ImportAssetInputs const&, ImportAssetOutputs&, IImportProgress*)
 #34 ImportAsset(core::hash_map<AssetDatabase::ImporterID, ImporterInfo, core::hash<AssetDatabase::ImporterID>, std::__1::equal_to<AssetDatabase::ImporterID>> const&, core::vector<PostprocessorInfo, 0ul> const&, AssetResolveTracker const&, ImportAssetInputs const&, ImportAssetOutputs&, IImportProgress*)
 #35 ImportAssetWithAutoReleasePool(core::hash_map<AssetDatabase::ImporterID, ImporterInfo, core::hash<AssetDatabase::ImporterID>, std::__1::equal_to<AssetDatabase::ImporterID>> const&, core::vector<PostprocessorInfo, 0ul> const&, AssetResolveTracker const&, ImportAssetInputs const&, ImportAssetOutputs&, IImportProgress*)
 #36 AssetImportWorker::Import(AssetResolver&, ImportAssetInputs const&, WorkerImportResponse&, IImportProgress*, bool*)
 #37 invocation function for block in AssetImportWorkerClient::HandleMessage(ImportRequestMessage const&)::$_5::operator()() const
 #38 _dispatch_client_callout
 #39 _dispatch_async_and_wait_invoke
 #40 _dispatch_client_callout
 #41 _dispatch_main_queue_drain
 #42 _dispatch_main_queue_callback_4CF
 #43 __CFRUNLOOP_IS_SERVICING_THE_MAIN_DISPATCH_QUEUE__
 #44 __CFRunLoopRun
 #45 CFRunLoopRunSpecific
 #46 RunCurrentEventLoopInMode
 #47 ReceiveNextEventCommon
 #48 _BlockUntilNextEventMatchingListInModeWithFilter
 #49 _DPSNextEvent
 #50 -[NSApplication(NSEventRouting) _nextEventMatchingEventMask:untilDate:inMode:dequeue:]
 #51 -[NSApplication run]
 #52 NSApplicationMain
 #53 EditorMain(int, char const**)
 #54 main
 #55 start

 -> (artifact id: 'de36b068497789c07c7cbf74b230df57') in 0.037032 seconds
Number of updated asset objects reloaded before import = 0
Number of asset objects unloaded after import = 65
========================================================================
Received Import Request.
  Time since last request: 0.976140 seconds.
  path: Assets/character/Player.prefab
  artifactKey: Guid(98b82b6b6eab04b22a0b02bfff8a233d) Importer(815301076,1909f56bfc062723c751e8b465ee728b)
Start importing Assets/character/Player.prefab using Guid(98b82b6b6eab04b22a0b02bfff8a233d) Importer(815301076,1909f56bfc062723c751e8b465ee728b) State "idle" in Controller "player" uses parameter "" which does not exist.
 #0 GetStacktrace(int)
 #1 DebugStringToFile(DebugStringToFileData const&)
 #2 AnimatorController::ValidateParameters()
 #3 AnimatorController::BuildAsset()
 #4 AnimatorController::GetAnimationSetBindings()
 #5 AnimatorControllerPlayable::GenerateGraph()
 #6 AnimatorControllerPlayable::SetAnimatorController(RuntimeAnimatorController*)
 #7 Animator::CreateInternalControllerPlayable()
 #8 Animator::AddToManager()
 #9 Animator::AwakeFromLoad(AwakeFromLoadMode)
 #10 AwakeFromLoadQueue::InvokeAwakeFromLoad(AwakeFromLoadQueue::Item*, unsigned int, AwakeFromLoadMode)
 #11 AwakeFromLoadQueue::AwakeFromLoadAllQueues(AwakeFromLoadMode, bool)
 #12 AwakeAndActivateClonedObjects(Object**, vector_map<int, int, std::__1::less<int>, stl_allocator<std::__1::pair<int, int>, (MemLabelIdentifier)1, 16>> const&)
 #13 InstantiateObjectRemoveAllNonAnimationComponents(Object&, Vector3f const&, Quaternionf const&)
 #14 EditorUtility_CUSTOM_Internal_InstantiateRemoveAllNonAnimationComponentsSingle_Injected(ScriptingBackendNativeObjectPtrOpaque*, Vector3f const&, Quaternionf const&)
 #15  (Mono JIT Code) (wrapper managed-to-native) UnityEditor.EditorUtility:Internal_InstantiateRemoveAllNonAnimationComponentsSingle_Injected (UnityEngine.Object,UnityEngine.Vector3&,UnityEngine.Quaternion&)
 #16  (Mono JIT Code) UnityEditor.EditorUtility:Internal_InstantiateRemoveAllNonAnimationComponentsSingle (UnityEngine.Object,UnityEngine.Vector3,UnityEngine.Quaternion)
 #17  (Mono JIT Code) [EditorUtility.cs:662] UnityEditor.EditorUtility:InstantiateRemoveAllNonAnimationComponents (UnityEngine.Object,UnityEngine.Vector3,UnityEngine.Quaternion)
 #18  (Mono JIT Code) [EditorUtility.cs:628] UnityEditor.EditorUtility:InstantiateForAnimatorPreview (UnityEngine.Object)
 #19  (Mono JIT Code) [GameObjectInspector.cs:129] UnityEditor.GameObjectInspector/PreviewData:UpdateGameObject (UnityEngine.Object)
 #20  (Mono JIT Code) [GameObjectInspector.cs:123] UnityEditor.GameObjectInspector/PreviewData:.ctor (UnityEngine.Object,bool)
 #21  (Mono JIT Code) [GameObjectInspector.cs:956] UnityEditor.GameObjectInspector:GetPreviewData (bool)
 #22  (Mono JIT Code) [GameObjectInspector.cs:1165] UnityEditor.GameObjectInspector:RenderStaticPreview (string,UnityEngine.Object[],int,int)
 #23  (Mono JIT Code) [AssetPreviewUpdater.cs:43] UnityEditor.AssetPreviewUpdater:CreatePreview (UnityEngine.Object,UnityEngine.Object[],string,int,int)
 #24  (Mono JIT Code) [AssetPreviewUpdater.cs:11] UnityEditor.AssetPreviewUpdater:CreatePreviewForAsset (UnityEngine.Object,UnityEngine.Object[],string)
 #25  (Mono JIT Code) (wrapper runtime-invoke) <Module>:runtime_invoke_object_object_object_object (object,intptr,intptr,intptr)
 #26 mono_jit_runtime_invoke
 #27 do_runtime_invoke
 #28 mono_runtime_invoke
 #29 scripting_method_invoke(ScriptingMethodPtr, ScriptingObjectPtr, ScriptingArguments&, ScriptingExceptionPtr*, bool)
 #30 ScriptingInvocation::Invoke(ScriptingExceptionPtr*, bool)
 #31 MonoCreateAssetPreview(Object*, core::vector<Object*, 0ul> const&, core::basic_string<char, core::StringStorageDefault<char>> const&)
 #32 PreviewImporter::GenerateAssetData(AssetImportContext&)
 #33 ImportToObjects(core::basic_string<char, core::StringStorageDefault<char>> const&, core::hash_map<AssetDatabase::ImporterID, ImporterInfo, core::hash<AssetDatabase::ImporterID>, std::__1::equal_to<AssetDatabase::ImporterID>> const&, core::vector<PostprocessorInfo, 0ul> const&, AssetResolveTracker const&, ImportAssetInputs const&, ImportAssetOutputs&, IImportProgress*)
 #34 ImportAsset(core::hash_map<AssetDatabase::ImporterID, ImporterInfo, core::hash<AssetDatabase::ImporterID>, std::__1::equal_to<AssetDatabase::ImporterID>> const&, core::vector<PostprocessorInfo, 0ul> const&, AssetResolveTracker const&, ImportAssetInputs const&, ImportAssetOutputs&, IImportProgress*)
 #35 ImportAssetWithAutoReleasePool(core::hash_map<AssetDatabase::ImporterID, ImporterInfo, core::hash<AssetDatabase::ImporterID>, std::__1::equal_to<AssetDatabase::ImporterID>> const&, core::vector<PostprocessorInfo, 0ul> const&, AssetResolveTracker const&, ImportAssetInputs const&, ImportAssetOutputs&, IImportProgress*)
 #36 AssetImportWorker::Import(AssetResolver&, ImportAssetInputs const&, WorkerImportResponse&, IImportProgress*, bool*)
 #37 invocation function for block in AssetImportWorkerClient::HandleMessage(ImportRequestMessage const&)::$_5::operator()() const
 #38 _dispatch_client_callout
 #39 _dispatch_async_and_wait_invoke
 #40 _dispatch_client_callout
 #41 _dispatch_main_queue_drain
 #42 _dispatch_main_queue_callback_4CF
 #43 __CFRUNLOOP_IS_SERVICING_THE_MAIN_DISPATCH_QUEUE__
 #44 __CFRunLoopRun
 #45 CFRunLoopRunSpecific
 #46 RunCurrentEventLoopInMode
 #47 ReceiveNextEventCommon
 #48 _BlockUntilNextEventMatchingListInModeWithFilter
 #49 _DPSNextEvent
 #50 -[NSApplication(NSEventRouting) _nextEventMatchingEventMask:untilDate:inMode:dequeue:]
 #51 -[NSApplication run]
 #52 NSApplicationMain
 #53 EditorMain(int, char const**)
 #54 main
 #55 start

 -> (artifact id: '8c86e22b8ad4e61c2621920a5513e642') in 0.036826 seconds
Number of updated asset objects reloaded before import = 0
Number of asset objects unloaded after import = 65
========================================================================
Received Import Request.
  Time since last request: 1.765256 seconds.
  path: Assets/character/Player.prefab
  artifactKey: Guid(98b82b6b6eab04b22a0b02bfff8a233d) Importer(815301076,1909f56bfc062723c751e8b465ee728b)
Start importing Assets/character/Player.prefab using Guid(98b82b6b6eab04b22a0b02bfff8a233d) Importer(815301076,1909f56bfc062723c751e8b465ee728b) State "idle" in Controller "player" uses parameter "" which does not exist.
 #0 GetStacktrace(int)
 #1 DebugStringToFile(DebugStringToFileData const&)
 #2 AnimatorController::ValidateParameters()
 #3 AnimatorController::BuildAsset()
 #4 AnimatorController::GetAnimationSetBindings()
 #5 AnimatorControllerPlayable::GenerateGraph()
 #6 AnimatorControllerPlayable::SetAnimatorController(RuntimeAnimatorController*)
 #7 Animator::CreateInternalControllerPlayable()
 #8 Animator::AddToManager()
 #9 Animator::AwakeFromLoad(AwakeFromLoadMode)
 #10 AwakeFromLoadQueue::InvokeAwakeFromLoad(AwakeFromLoadQueue::Item*, unsigned int, AwakeFromLoadMode)
 #11 AwakeFromLoadQueue::AwakeFromLoadAllQueues(AwakeFromLoadMode, bool)
 #12 AwakeAndActivateClonedObjects(Object**, vector_map<int, int, std::__1::less<int>, stl_allocator<std::__1::pair<int, int>, (MemLabelIdentifier)1, 16>> const&)
 #13 InstantiateObjectRemoveAllNonAnimationComponents(Object&, Vector3f const&, Quaternionf const&)
 #14 EditorUtility_CUSTOM_Internal_InstantiateRemoveAllNonAnimationComponentsSingle_Injected(ScriptingBackendNativeObjectPtrOpaque*, Vector3f const&, Quaternionf const&)
 #15  (Mono JIT Code) (wrapper managed-to-native) UnityEditor.EditorUtility:Internal_InstantiateRemoveAllNonAnimationComponentsSingle_Injected (UnityEngine.Object,UnityEngine.Vector3&,UnityEngine.Quaternion&)
 #16  (Mono JIT Code) UnityEditor.EditorUtility:Internal_InstantiateRemoveAllNonAnimationComponentsSingle (UnityEngine.Object,UnityEngine.Vector3,UnityEngine.Quaternion)
 #17  (Mono JIT Code) [EditorUtility.cs:662] UnityEditor.EditorUtility:InstantiateRemoveAllNonAnimationComponents (UnityEngine.Object,UnityEngine.Vector3,UnityEngine.Quaternion)
 #18  (Mono JIT Code) [EditorUtility.cs:628] UnityEditor.EditorUtility:InstantiateForAnimatorPreview (UnityEngine.Object)
 #19  (Mono JIT Code) [GameObjectInspector.cs:129] UnityEditor.GameObjectInspector/PreviewData:UpdateGameObject (UnityEngine.Object)
 #20  (Mono JIT Code) [GameObjectInspector.cs:123] UnityEditor.GameObjectInspector/PreviewData:.ctor (UnityEngine.Object,bool)
 #21  (Mono JIT Code) [GameObjectInspector.cs:956] UnityEditor.GameObjectInspector:GetPreviewData (bool)
 #22  (Mono JIT Code) [GameObjectInspector.cs:1165] UnityEditor.GameObjectInspector:RenderStaticPreview (string,UnityEngine.Object[],int,int)
 #23  (Mono JIT Code) [AssetPreviewUpdater.cs:43] UnityEditor.AssetPreviewUpdater:CreatePreview (UnityEngine.Object,UnityEngine.Object[],string,int,int)
 #24  (Mono JIT Code) [AssetPreviewUpdater.cs:11] UnityEditor.AssetPreviewUpdater:CreatePreviewForAsset (UnityEngine.Object,UnityEngine.Object[],string)
 #25  (Mono JIT Code) (wrapper runtime-invoke) <Module>:runtime_invoke_object_object_object_object (object,intptr,intptr,intptr)
 #26 mono_jit_runtime_invoke
 #27 do_runtime_invoke
 #28 mono_runtime_invoke
 #29 scripting_method_invoke(ScriptingMethodPtr, ScriptingObjectPtr, ScriptingArguments&, ScriptingExceptionPtr*, bool)
 #30 ScriptingInvocation::Invoke(ScriptingExceptionPtr*, bool)
 #31 MonoCreateAssetPreview(Object*, core::vector<Object*, 0ul> const&, core::basic_string<char, core::StringStorageDefault<char>> const&)
 #32 PreviewImporter::GenerateAssetData(AssetImportContext&)
 #33 ImportToObjects(core::basic_string<char, core::StringStorageDefault<char>> const&, core::hash_map<AssetDatabase::ImporterID, ImporterInfo, core::hash<AssetDatabase::ImporterID>, std::__1::equal_to<AssetDatabase::ImporterID>> const&, core::vector<PostprocessorInfo, 0ul> const&, AssetResolveTracker const&, ImportAssetInputs const&, ImportAssetOutputs&, IImportProgress*)
 #34 ImportAsset(core::hash_map<AssetDatabase::ImporterID, ImporterInfo, core::hash<AssetDatabase::ImporterID>, std::__1::equal_to<AssetDatabase::ImporterID>> const&, core::vector<PostprocessorInfo, 0ul> const&, AssetResolveTracker const&, ImportAssetInputs const&, ImportAssetOutputs&, IImportProgress*)
 #35 ImportAssetWithAutoReleasePool(core::hash_map<AssetDatabase::ImporterID, ImporterInfo, core::hash<AssetDatabase::ImporterID>, std::__1::equal_to<AssetDatabase::ImporterID>> const&, core::vector<PostprocessorInfo, 0ul> const&, AssetResolveTracker const&, ImportAssetInputs const&, ImportAssetOutputs&, IImportProgress*)
 #36 AssetImportWorker::Import(AssetResolver&, ImportAssetInputs const&, WorkerImportResponse&, IImportProgress*, bool*)
 #37 invocation function for block in AssetImportWorkerClient::HandleMessage(ImportRequestMessage const&)::$_5::operator()() const
 #38 _dispatch_client_callout
 #39 _dispatch_async_and_wait_invoke
 #40 _dispatch_client_callout
 #41 _dispatch_main_queue_drain
 #42 _dispatch_main_queue_callback_4CF
 #43 __CFRUNLOOP_IS_SERVICING_THE_MAIN_DISPATCH_QUEUE__
 #44 __CFRunLoopRun
 #45 CFRunLoopRunSpecific
 #46 RunCurrentEventLoopInMode
 #47 ReceiveNextEventCommon
 #48 _BlockUntilNextEventMatchingListInModeWithFilter
 #49 _DPSNextEvent
 #50 -[NSApplication(NSEventRouting) _nextEventMatchingEventMask:untilDate:inMode:dequeue:]
 #51 -[NSApplication run]
 #52 NSApplicationMain
 #53 EditorMain(int, char const**)
 #54 main
 #55 start

 -> (artifact id: '479466720f62decc328a85adf8ed4c15') in 0.037282 seconds
Number of updated asset objects reloaded before import = 0
Number of asset objects unloaded after import = 65
========================================================================
Received Import Request.
  Time since last request: 4.613796 seconds.
  path: Assets/character/Player.prefab
  artifactKey: Guid(98b82b6b6eab04b22a0b02bfff8a233d) Importer(815301076,1909f56bfc062723c751e8b465ee728b)
Start importing Assets/character/Player.prefab using Guid(98b82b6b6eab04b22a0b02bfff8a233d) Importer(815301076,1909f56bfc062723c751e8b465ee728b) State "idle" in Controller "player" uses parameter "" which does not exist.
 #0 GetStacktrace(int)
 #1 DebugStringToFile(DebugStringToFileData const&)
 #2 AnimatorController::ValidateParameters()
 #3 AnimatorController::BuildAsset()
 #4 AnimatorController::GetAnimationSetBindings()
 #5 AnimatorControllerPlayable::GenerateGraph()
 #6 AnimatorControllerPlayable::SetAnimatorController(RuntimeAnimatorController*)
 #7 Animator::CreateInternalControllerPlayable()
 #8 Animator::AddToManager()
 #9 Animator::AwakeFromLoad(AwakeFromLoadMode)
 #10 AwakeFromLoadQueue::InvokeAwakeFromLoad(AwakeFromLoadQueue::Item*, unsigned int, AwakeFromLoadMode)
 #11 AwakeFromLoadQueue::AwakeFromLoadAllQueues(AwakeFromLoadMode, bool)
 #12 AwakeAndActivateClonedObjects(Object**, vector_map<int, int, std::__1::less<int>, stl_allocator<std::__1::pair<int, int>, (MemLabelIdentifier)1, 16>> const&)
 #13 InstantiateObjectRemoveAllNonAnimationComponents(Object&, Vector3f const&, Quaternionf const&)
 #14 EditorUtility_CUSTOM_Internal_InstantiateRemoveAllNonAnimationComponentsSingle_Injected(ScriptingBackendNativeObjectPtrOpaque*, Vector3f const&, Quaternionf const&)
 #15  (Mono JIT Code) (wrapper managed-to-native) UnityEditor.EditorUtility:Internal_InstantiateRemoveAllNonAnimationComponentsSingle_Injected (UnityEngine.Object,UnityEngine.Vector3&,UnityEngine.Quaternion&)
 #16  (Mono JIT Code) UnityEditor.EditorUtility:Internal_InstantiateRemoveAllNonAnimationComponentsSingle (UnityEngine.Object,UnityEngine.Vector3,UnityEngine.Quaternion)
 #17  (Mono JIT Code) [EditorUtility.cs:662] UnityEditor.EditorUtility:InstantiateRemoveAllNonAnimationComponents (UnityEngine.Object,UnityEngine.Vector3,UnityEngine.Quaternion)
 #18  (Mono JIT Code) [EditorUtility.cs:628] UnityEditor.EditorUtility:InstantiateForAnimatorPreview (UnityEngine.Object)
 #19  (Mono JIT Code) [GameObjectInspector.cs:129] UnityEditor.GameObjectInspector/PreviewData:UpdateGameObject (UnityEngine.Object)
 #20  (Mono JIT Code) [GameObjectInspector.cs:123] UnityEditor.GameObjectInspector/PreviewData:.ctor (UnityEngine.Object,bool)
 #21  (Mono JIT Code) [GameObjectInspector.cs:956] UnityEditor.GameObjectInspector:GetPreviewData (bool)
 #22  (Mono JIT Code) [GameObjectInspector.cs:1165] UnityEditor.GameObjectInspector:RenderStaticPreview (string,UnityEngine.Object[],int,int)
 #23  (Mono JIT Code) [AssetPreviewUpdater.cs:43] UnityEditor.AssetPreviewUpdater:CreatePreview (UnityEngine.Object,UnityEngine.Object[],string,int,int)
 #24  (Mono JIT Code) [AssetPreviewUpdater.cs:11] UnityEditor.AssetPreviewUpdater:CreatePreviewForAsset (UnityEngine.Object,UnityEngine.Object[],string)
 #25  (Mono JIT Code) (wrapper runtime-invoke) <Module>:runtime_invoke_object_object_object_object (object,intptr,intptr,intptr)
 #26 mono_jit_runtime_invoke
 #27 do_runtime_invoke
 #28 mono_runtime_invoke
 #29 scripting_method_invoke(ScriptingMethodPtr, ScriptingObjectPtr, ScriptingArguments&, ScriptingExceptionPtr*, bool)
 #30 ScriptingInvocation::Invoke(ScriptingExceptionPtr*, bool)
 #31 MonoCreateAssetPreview(Object*, core::vector<Object*, 0ul> const&, core::basic_string<char, core::StringStorageDefault<char>> const&)
 #32 PreviewImporter::GenerateAssetData(AssetImportContext&)
 #33 ImportToObjects(core::basic_string<char, core::StringStorageDefault<char>> const&, core::hash_map<AssetDatabase::ImporterID, ImporterInfo, core::hash<AssetDatabase::ImporterID>, std::__1::equal_to<AssetDatabase::ImporterID>> const&, core::vector<PostprocessorInfo, 0ul> const&, AssetResolveTracker const&, ImportAssetInputs const&, ImportAssetOutputs&, IImportProgress*)
 #34 ImportAsset(core::hash_map<AssetDatabase::ImporterID, ImporterInfo, core::hash<AssetDatabase::ImporterID>, std::__1::equal_to<AssetDatabase::ImporterID>> const&, core::vector<PostprocessorInfo, 0ul> const&, AssetResolveTracker const&, ImportAssetInputs const&, ImportAssetOutputs&, IImportProgress*)
 #35 ImportAssetWithAutoReleasePool(core::hash_map<AssetDatabase::ImporterID, ImporterInfo, core::hash<AssetDatabase::ImporterID>, std::__1::equal_to<AssetDatabase::ImporterID>> const&, core::vector<PostprocessorInfo, 0ul> const&, AssetResolveTracker const&, ImportAssetInputs const&, ImportAssetOutputs&, IImportProgress*)
 #36 AssetImportWorker::Import(AssetResolver&, ImportAssetInputs const&, WorkerImportResponse&, IImportProgress*, bool*)
 #37 invocation function for block in AssetImportWorkerClient::HandleMessage(ImportRequestMessage const&)::$_5::operator()() const
 #38 _dispatch_client_callout
 #39 _dispatch_async_and_wait_invoke
 #40 _dispatch_client_callout
 #41 _dispatch_main_queue_drain
 #42 _dispatch_main_queue_callback_4CF
 #43 __CFRUNLOOP_IS_SERVICING_THE_MAIN_DISPATCH_QUEUE__
 #44 __CFRunLoopRun
 #45 CFRunLoopRunSpecific
 #46 RunCurrentEventLoopInMode
 #47 ReceiveNextEventCommon
 #48 _BlockUntilNextEventMatchingListInModeWithFilter
 #49 _DPSNextEvent
 #50 -[NSApplication(NSEventRouting) _nextEventMatchingEventMask:untilDate:inMode:dequeue:]
 #51 -[NSApplication run]
 #52 NSApplicationMain
 #53 EditorMain(int, char const**)
 #54 main
 #55 start

 -> (artifact id: 'eece77f91edffb7e1a750504860ced28') in 0.053105 seconds
Number of updated asset objects reloaded before import = 0
Number of asset objects unloaded after import = 65
========================================================================
Received Import Request.
  Time since last request: 4.811485 seconds.
  path: Assets/character/Player.prefab
  artifactKey: Guid(98b82b6b6eab04b22a0b02bfff8a233d) Importer(815301076,1909f56bfc062723c751e8b465ee728b)
Start importing Assets/character/Player.prefab using Guid(98b82b6b6eab04b22a0b02bfff8a233d) Importer(815301076,1909f56bfc062723c751e8b465ee728b) State "idle" in Controller "player" uses parameter "" which does not exist.
 #0 GetStacktrace(int)
 #1 DebugStringToFile(DebugStringToFileData const&)
 #2 AnimatorController::ValidateParameters()
 #3 AnimatorController::BuildAsset()
 #4 AnimatorController::GetAnimationSetBindings()
 #5 AnimatorControllerPlayable::GenerateGraph()
 #6 AnimatorControllerPlayable::SetAnimatorController(RuntimeAnimatorController*)
 #7 Animator::CreateInternalControllerPlayable()
 #8 Animator::AddToManager()
 #9 Animator::AwakeFromLoad(AwakeFromLoadMode)
 #10 AwakeFromLoadQueue::InvokeAwakeFromLoad(AwakeFromLoadQueue::Item*, unsigned int, AwakeFromLoadMode)
 #11 AwakeFromLoadQueue::AwakeFromLoadAllQueues(AwakeFromLoadMode, bool)
 #12 AwakeAndActivateClonedObjects(Object**, vector_map<int, int, std::__1::less<int>, stl_allocator<std::__1::pair<int, int>, (MemLabelIdentifier)1, 16>> const&)
 #13 InstantiateObjectRemoveAllNonAnimationComponents(Object&, Vector3f const&, Quaternionf const&)
 #14 EditorUtility_CUSTOM_Internal_InstantiateRemoveAllNonAnimationComponentsSingle_Injected(ScriptingBackendNativeObjectPtrOpaque*, Vector3f const&, Quaternionf const&)
 #15  (Mono JIT Code) (wrapper managed-to-native) UnityEditor.EditorUtility:Internal_InstantiateRemoveAllNonAnimationComponentsSingle_Injected (UnityEngine.Object,UnityEngine.Vector3&,UnityEngine.Quaternion&)
 #16  (Mono JIT Code) UnityEditor.EditorUtility:Internal_InstantiateRemoveAllNonAnimationComponentsSingle (UnityEngine.Object,UnityEngine.Vector3,UnityEngine.Quaternion)
 #17  (Mono JIT Code) [EditorUtility.cs:662] UnityEditor.EditorUtility:InstantiateRemoveAllNonAnimationComponents (UnityEngine.Object,UnityEngine.Vector3,UnityEngine.Quaternion)
 #18  (Mono JIT Code) [EditorUtility.cs:628] UnityEditor.EditorUtility:InstantiateForAnimatorPreview (UnityEngine.Object)
 #19  (Mono JIT Code) [GameObjectInspector.cs:129] UnityEditor.GameObjectInspector/PreviewData:UpdateGameObject (UnityEngine.Object)
 #20  (Mono JIT Code) [GameObjectInspector.cs:123] UnityEditor.GameObjectInspector/PreviewData:.ctor (UnityEngine.Object,bool)
 #21  (Mono JIT Code) [GameObjectInspector.cs:956] UnityEditor.GameObjectInspector:GetPreviewData (bool)
 #22  (Mono JIT Code) [GameObjectInspector.cs:1165] UnityEditor.GameObjectInspector:RenderStaticPreview (string,UnityEngine.Object[],int,int)
 #23  (Mono JIT Code) [AssetPreviewUpdater.cs:43] UnityEditor.AssetPreviewUpdater:CreatePreview (UnityEngine.Object,UnityEngine.Object[],string,int,int)
 #24  (Mono JIT Code) [AssetPreviewUpdater.cs:11] UnityEditor.AssetPreviewUpdater:CreatePreviewForAsset (UnityEngine.Object,UnityEngine.Object[],string)
 #25  (Mono JIT Code) (wrapper runtime-invoke) <Module>:runtime_invoke_object_object_object_object (object,intptr,intptr,intptr)
 #26 mono_jit_runtime_invoke
 #27 do_runtime_invoke
 #28 mono_runtime_invoke
 #29 scripting_method_invoke(ScriptingMethodPtr, ScriptingObjectPtr, ScriptingArguments&, ScriptingExceptionPtr*, bool)
 #30 ScriptingInvocation::Invoke(ScriptingExceptionPtr*, bool)
 #31 MonoCreateAssetPreview(Object*, core::vector<Object*, 0ul> const&, core::basic_string<char, core::StringStorageDefault<char>> const&)
 #32 PreviewImporter::GenerateAssetData(AssetImportContext&)
 #33 ImportToObjects(core::basic_string<char, core::StringStorageDefault<char>> const&, core::hash_map<AssetDatabase::ImporterID, ImporterInfo, core::hash<AssetDatabase::ImporterID>, std::__1::equal_to<AssetDatabase::ImporterID>> const&, core::vector<PostprocessorInfo, 0ul> const&, AssetResolveTracker const&, ImportAssetInputs const&, ImportAssetOutputs&, IImportProgress*)
 #34 ImportAsset(core::hash_map<AssetDatabase::ImporterID, ImporterInfo, core::hash<AssetDatabase::ImporterID>, std::__1::equal_to<AssetDatabase::ImporterID>> const&, core::vector<PostprocessorInfo, 0ul> const&, AssetResolveTracker const&, ImportAssetInputs const&, ImportAssetOutputs&, IImportProgress*)
 #35 ImportAssetWithAutoReleasePool(core::hash_map<AssetDatabase::ImporterID, ImporterInfo, core::hash<AssetDatabase::ImporterID>, std::__1::equal_to<AssetDatabase::ImporterID>> const&, core::vector<PostprocessorInfo, 0ul> const&, AssetResolveTracker const&, ImportAssetInputs const&, ImportAssetOutputs&, IImportProgress*)
 #36 AssetImportWorker::Import(AssetResolver&, ImportAssetInputs const&, WorkerImportResponse&, IImportProgress*, bool*)
 #37 invocation function for block in AssetImportWorkerClient::HandleMessage(ImportRequestMessage const&)::$_5::operator()() const
 #38 _dispatch_client_callout
 #39 _dispatch_async_and_wait_invoke
 #40 _dispatch_client_callout
 #41 _dispatch_main_queue_drain
 #42 _dispatch_main_queue_callback_4CF
 #43 __CFRUNLOOP_IS_SERVICING_THE_MAIN_DISPATCH_QUEUE__
 #44 __CFRunLoopRun
 #45 CFRunLoopRunSpecific
 #46 RunCurrentEventLoopInMode
 #47 ReceiveNextEventCommon
 #48 _BlockUntilNextEventMatchingListInModeWithFilter
 #49 _DPSNextEvent
 #50 -[NSApplication(NSEventRouting) _nextEventMatchingEventMask:untilDate:inMode:dequeue:]
 #51 -[NSApplication run]
 #52 NSApplicationMain
 #53 EditorMain(int, char const**)
 #54 main
 #55 start

 -> (artifact id: 'e4f52d51288853dcdbeb3dc53060b8bf') in 0.037803 seconds
Number of updated asset objects reloaded before import = 0
Number of asset objects unloaded after import = 65
